state_abbr,year,month,date,recall_count,class_I,class_II,class_III
AK,2012,5,2012-05-01,1,0,1,0
AK,2013,7,2013-07-01,1,0,1,0
AK,2013,9,2013-09-01,12,0,12,0
AK,2014,1,2014-01-01,11,11,0,0
AK,2014,4,2014-04-01,2,0,2,0
AK,2014,10,2014-10-01,2,0,2,0
AK,2015,8,2015-08-01,1,0,1,0
AK,2015,9,2015-09-01,1,1,0,0
AK,2016,12,2016-12-01,2,0,2,0
AK,2017,2,2017-02-01,2,2,0,0
AK,2017,5,2017-05-01,17,0,17,0
AK,2018,6,2018-06-01,2,2,0,0
AK,2019,2,2019-02-01,1,0,1,0
AK,2020,8,2020-08-01,3,3,0,0
AL,2012,10,2012-10-01,1,1,0,0
AL,2013,2,2013-02-01,1,0,1,0
AL,2013,6,2013-06-01,3,3,0,0
AL,2013,11,2013-11-01,1,0,1,0
AL,2014,11,2014-11-01,1,0,0,1
AL,2014,12,2014-12-01,2,0,2,0
AL,2015,4,2015-04-01,3,0,3,0
AL,2015,8,2015-08-01,3,0,3,0
AL,2016,8,2016-08-01,3,1,2,0
AL,2016,11,2016-11-01,1,0,1,0
AL,2016,12,2016-12-01,2,2,0,0
AL,2017,1,2017-01-01,1,1,0,0
AL,2017,12,2017-12-01,1,0,1,0
AL,2018,5,2018-05-01,2,2,0,0
AL,2018,7,2018-07-01,1,0,1,0
AL,2018,9,2018-09-01,1,1,0,0
AL,2019,9,2019-09-01,1,1,0,0
AL,2020,5,2020-05-01,1,0,1,0
AL,2021,6,2021-06-01,1,0,1,0
AL,2021,7,2021-07-01,1,0,0,1
AL,2022,2,2022-02-01,5,0,5,0
AL,2022,6,2022-06-01,1,1,0,0
AL,2023,11,2023-11-01,3,0,3,0
AL,2024,2,2024-02-01,3,1,2,0
AL,2024,5,2024-05-01,4,4,0,0
AL,2024,8,2024-08-01,1,0,0,1
AL,2025,5,2025-05-01,1,1,0,0
AL,2025,7,2025-07-01,1,0,1,0
AR,2012,7,2012-07-01,15,0,15,0
AR,2013,11,2013-11-01,1,0,1,0
AR,2014,2,2014-02-01,1,1,0,0
AR,2014,12,2014-12-01,8,8,0,0
AR,2015,9,2015-09-01,1,1,0,0
AR,2016,7,2016-07-01,1,0,1,0
AR,2018,4,2018-04-01,1,1,0,0
AR,2018,10,2018-10-01,4,0,4,0
AR,2020,2,2020-02-01,4,0,4,0
AR,2021,5,2021-05-01,1,1,0,0
AR,2021,9,2021-09-01,1,0,1,0
AR,2022,2,2022-02-01,1,0,1,0
AR,2022,3,2022-03-01,3,0,3,0
AR,2022,6,2022-06-01,1,1,0,0
AR,2023,10,2023-10-01,1,1,0,0
AR,2023,12,2023-12-01,1,0,0,1
AR,2024,5,2024-05-01,4,0,4,0
AR,2024,9,2024-09-01,2,0,0,2
AR,2024,10,2024-10-01,1,0,1,0
AR,2024,11,2024-11-01,1,1,0,0
AR,2025,3,2025-03-01,1,0,1,0
AR,2025,5,2025-05-01,1,1,0,0
AR,2025,9,2025-09-01,10,10,0,0
AZ,2012,2,2012-02-01,1,0,1,0
AZ,2012,4,2012-04-01,1,0,1,0
AZ,2012,6,2012-06-01,4,0,4,0
AZ,2012,7,2012-07-01,2,2,0,0
AZ,2012,8,2012-08-01,1,0,1,0
AZ,2012,9,2012-09-01,4,3,1,0
AZ,2012,11,2012-11-01,1,1,0,0
AZ,2013,3,2013-03-01,3,0,3,0
AZ,2013,5,2013-05-01,1,1,0,0
AZ,2013,6,2013-06-01,1,0,1,0
AZ,2013,10,2013-10-01,9,0,9,0
AZ,2013,11,2013-11-01,1,0,1,0
AZ,2014,4,2014-04-01,1,1,0,0
AZ,2014,5,2014-05-01,1,1,0,0
AZ,2014,6,2014-06-01,1,0,1,0
AZ,2014,8,2014-08-01,1,0,1,0
AZ,2014,12,2014-12-01,1,0,1,0
AZ,2015,1,2015-01-01,3,0,3,0
AZ,2015,4,2015-04-01,65,65,0,0
AZ,2015,9,2015-09-01,1,1,0,0
AZ,2015,10,2015-10-01,3,0,3,0
AZ,2015,11,2015-11-01,1,0,1,0
AZ,2016,2,2016-02-01,5,0,5,0
AZ,2016,3,2016-03-01,4,2,2,0
AZ,2016,5,2016-05-01,1,1,0,0
AZ,2016,10,2016-10-01,6,0,6,0
AZ,2016,11,2016-11-01,1,1,0,0
AZ,2017,2,2017-02-01,4,4,0,0
AZ,2017,3,2017-03-01,5,5,0,0
AZ,2018,1,2018-01-01,1,0,1,0
AZ,2018,2,2018-02-01,1,0,1,0
AZ,2018,4,2018-04-01,2,0,2,0
AZ,2018,7,2018-07-01,1,0,1,0
AZ,2018,10,2018-10-01,9,0,6,3
AZ,2019,1,2019-01-01,3,0,0,3
AZ,2019,5,2019-05-01,4,0,4,0
AZ,2019,6,2019-06-01,2,0,2,0
AZ,2019,8,2019-08-01,23,0,23,0
AZ,2019,11,2019-11-01,1,0,1,0
AZ,2020,2,2020-02-01,1,0,0,1
AZ,2020,3,2020-03-01,4,0,4,0
AZ,2020,4,2020-04-01,3,0,3,0
AZ,2020,5,2020-05-01,2,0,2,0
AZ,2020,7,2020-07-01,2,2,0,0
AZ,2020,8,2020-08-01,1,0,0,1
AZ,2020,11,2020-11-01,2,0,2,0
AZ,2021,3,2021-03-01,1,0,1,0
AZ,2021,4,2021-04-01,3,0,3,0
AZ,2021,5,2021-05-01,2,1,1,0
AZ,2021,9,2021-09-01,11,0,11,0
AZ,2022,2,2022-02-01,1,1,0,0
AZ,2022,3,2022-03-01,2,0,2,0
AZ,2023,2,2023-02-01,1,0,0,1
AZ,2023,3,2023-03-01,1,0,1,0
AZ,2023,7,2023-07-01,2,0,2,0
AZ,2023,9,2023-09-01,1,1,0,0
AZ,2023,11,2023-11-01,2,2,0,0
AZ,2024,2,2024-02-01,15,15,0,0
AZ,2024,4,2024-04-01,2,0,2,0
AZ,2024,7,2024-07-01,6,0,5,1
AZ,2024,9,2024-09-01,1,1,0,0
AZ,2024,10,2024-10-01,1,0,1,0
AZ,2024,11,2024-11-01,3,3,0,0
AZ,2024,12,2024-12-01,1,1,0,0
AZ,2025,1,2025-01-01,1,1,0,0
AZ,2025,4,2025-04-01,6,0,0,6
AZ,2025,10,2025-10-01,1,1,0,0
CA,2008,6,2008-06-01,3,0,3,0
CA,2009,12,2009-12-01,1,0,1,0
CA,2011,5,2011-05-01,2,0,2,0
CA,2012,2,2012-02-01,2,0,2,0
CA,2012,3,2012-03-01,4,0,0,4
CA,2012,5,2012-05-01,120,71,38,11
CA,2012,6,2012-06-01,57,9,46,2
CA,2012,7,2012-07-01,132,65,64,3
CA,2012,8,2012-08-01,38,31,6,1
CA,2012,9,2012-09-01,24,23,1,0
CA,2012,10,2012-10-01,40,34,4,2
CA,2012,11,2012-11-01,9,7,1,1
CA,2012,12,2012-12-01,16,15,1,0
CA,2013,1,2013-01-01,17,2,9,6
CA,2013,2,2013-02-01,5,3,2,0
CA,2013,3,2013-03-01,16,1,13,2
CA,2013,4,2013-04-01,18,4,13,1
CA,2013,5,2013-05-01,10,5,3,2
CA,2013,6,2013-06-01,47,16,4,27
CA,2013,7,2013-07-01,12,3,8,1
CA,2013,8,2013-08-01,14,10,3,1
CA,2013,9,2013-09-01,16,5,11,0
CA,2013,10,2013-10-01,22,2,20,0
CA,2013,11,2013-11-01,57,3,54,0
CA,2013,12,2013-12-01,14,8,4,2
CA,2014,1,2014-01-01,17,9,6,2
CA,2014,2,2014-02-01,16,2,12,2
CA,2014,3,2014-03-01,60,1,59,0
CA,2014,4,2014-04-01,7,2,4,1
CA,2014,5,2014-05-01,14,7,5,2
CA,2014,6,2014-06-01,6,3,3,0
CA,2014,7,2014-07-01,67,14,53,0
CA,2014,8,2014-08-01,3,2,1,0
CA,2014,9,2014-09-01,13,7,6,0
CA,2014,10,2014-10-01,26,15,11,0
CA,2014,11,2014-11-01,13,9,4,0
CA,2014,12,2014-12-01,43,34,9,0
CA,2015,1,2015-01-01,16,12,4,0
CA,2015,2,2015-02-01,159,2,157,0
CA,2015,3,2015-03-01,36,7,29,0
CA,2015,4,2015-04-01,13,9,4,0
CA,2015,5,2015-05-01,14,1,12,1
CA,2015,6,2015-06-01,21,12,9,0
CA,2015,7,2015-07-01,14,5,9,0
CA,2015,8,2015-08-01,3,1,2,0
CA,2015,9,2015-09-01,33,30,3,0
CA,2015,10,2015-10-01,43,24,16,3
CA,2015,11,2015-11-01,7,4,0,3
CA,2015,12,2015-12-01,16,3,12,1
CA,2016,1,2016-01-01,71,55,16,0
CA,2016,2,2016-02-01,13,7,6,0
CA,2016,3,2016-03-01,22,12,8,2
CA,2016,4,2016-04-01,48,35,13,0
CA,2016,5,2016-05-01,76,56,20,0
CA,2016,6,2016-06-01,60,19,41,0
CA,2016,7,2016-07-01,26,17,9,0
CA,2016,8,2016-08-01,23,3,20,0
CA,2016,9,2016-09-01,5,4,1,0
CA,2016,10,2016-10-01,32,10,22,0
CA,2016,11,2016-11-01,45,26,19,0
CA,2016,12,2016-12-01,47,43,4,0
CA,2017,1,2017-01-01,12,6,6,0
CA,2017,2,2017-02-01,18,4,13,1
CA,2017,3,2017-03-01,17,7,10,0
CA,2017,4,2017-04-01,12,6,6,0
CA,2017,5,2017-05-01,10,5,4,1
CA,2017,6,2017-06-01,53,45,8,0
CA,2017,7,2017-07-01,7,5,2,0
CA,2017,8,2017-08-01,5,1,3,1
CA,2017,9,2017-09-01,6,5,0,1
CA,2017,10,2017-10-01,59,54,5,0
CA,2017,11,2017-11-01,9,2,5,2
CA,2017,12,2017-12-01,7,4,3,0
CA,2018,1,2018-01-01,11,3,6,2
CA,2018,2,2018-02-01,12,2,10,0
CA,2018,3,2018-03-01,15,3,5,7
CA,2018,4,2018-04-01,7,2,3,2
CA,2018,5,2018-05-01,5,2,2,1
CA,2018,6,2018-06-01,4,1,0,3
CA,2018,7,2018-07-01,48,1,4,43
CA,2018,8,2018-08-01,6,1,5,0
CA,2018,9,2018-09-01,13,7,6,0
CA,2018,10,2018-10-01,17,2,14,1
CA,2018,11,2018-11-01,14,7,5,2
CA,2018,12,2018-12-01,12,10,2,0
CA,2019,1,2019-01-01,31,27,3,1
CA,2019,2,2019-02-01,4,1,2,1
CA,2019,3,2019-03-01,11,1,9,1
CA,2019,4,2019-04-01,12,1,11,0
CA,2019,5,2019-05-01,18,3,14,1
CA,2019,6,2019-06-01,16,1,15,0
CA,2019,7,2019-07-01,12,9,3,0
CA,2019,8,2019-08-01,12,1,11,0
CA,2019,9,2019-09-01,25,15,7,3
CA,2019,10,2019-10-01,13,7,4,2
CA,2019,11,2019-11-01,64,47,17,0
CA,2019,12,2019-12-01,2,1,0,1
CA,2020,1,2020-01-01,8,0,8,0
CA,2020,2,2020-02-01,34,0,11,23
CA,2020,3,2020-03-01,10,4,6,0
CA,2020,4,2020-04-01,3,0,1,2
CA,2020,5,2020-05-01,3,2,1,0
CA,2020,7,2020-07-01,1,0,1,0
CA,2020,8,2020-08-01,9,7,2,0
CA,2020,9,2020-09-01,3,2,1,0
CA,2020,10,2020-10-01,31,27,3,1
CA,2020,11,2020-11-01,7,2,4,1
CA,2020,12,2020-12-01,8,7,1,0
CA,2021,1,2021-01-01,9,2,6,1
CA,2021,2,2021-02-01,5,1,4,0
CA,2021,3,2021-03-01,2,1,1,0
CA,2021,4,2021-04-01,16,9,6,1
CA,2021,5,2021-05-01,13,9,3,1
CA,2021,6,2021-06-01,14,4,10,0
CA,2021,7,2021-07-01,10,8,2,0
CA,2021,8,2021-08-01,28,1,27,0
CA,2021,9,2021-09-01,4,0,4,0
CA,2021,10,2021-10-01,34,5,28,1
CA,2021,11,2021-11-01,7,2,5,0
CA,2021,12,2021-12-01,87,82,5,0
CA,2022,1,2022-01-01,60,58,1,1
CA,2022,2,2022-02-01,16,4,12,0
CA,2022,3,2022-03-01,19,8,11,0
CA,2022,4,2022-04-01,6,4,1,1
CA,2022,5,2022-05-01,6,2,4,0
CA,2022,6,2022-06-01,9,7,1,1
CA,2022,7,2022-07-01,82,78,4,0
CA,2022,8,2022-08-01,12,3,9,0
CA,2022,9,2022-09-01,14,1,13,0
CA,2022,10,2022-10-01,18,13,5,0
CA,2022,11,2022-11-01,24,1,3,20
CA,2022,12,2022-12-01,16,3,13,0
CA,2023,1,2023-01-01,12,10,2,0
CA,2023,2,2023-02-01,37,19,16,2
CA,2023,3,2023-03-01,36,12,15,9
CA,2023,4,2023-04-01,4,0,4,0
CA,2023,5,2023-05-01,5,5,0,0
CA,2023,6,2023-06-01,11,7,4,0
CA,2023,7,2023-07-01,10,3,7,0
CA,2023,8,2023-08-01,8,0,7,1
CA,2023,9,2023-09-01,19,12,6,1
CA,2023,10,2023-10-01,75,74,1,0
CA,2023,11,2023-11-01,27,26,1,0
CA,2023,12,2023-12-01,15,10,5,0
CA,2024,1,2024-01-01,20,15,5,0
CA,2024,2,2024-02-01,45,38,7,0
CA,2024,3,2024-03-01,13,4,9,0
CA,2024,4,2024-04-01,15,4,11,0
CA,2024,5,2024-05-01,11,2,8,1
CA,2024,6,2024-06-01,30,23,7,0
CA,2024,7,2024-07-01,2,1,1,0
CA,2024,8,2024-08-01,13,2,11,0
CA,2024,9,2024-09-01,2,1,1,0
CA,2024,10,2024-10-01,9,3,6,0
CA,2024,11,2024-11-01,20,15,5,0
CA,2024,12,2024-12-01,21,16,5,0
CA,2025,1,2025-01-01,13,9,4,0
CA,2025,2,2025-02-01,29,16,13,0
CA,2025,3,2025-03-01,10,2,7,1
CA,2025,4,2025-04-01,8,2,6,0
CA,2025,5,2025-05-01,98,91,6,1
CA,2025,6,2025-06-01,10,2,1,7
CA,2025,7,2025-07-01,36,1,32,3
CA,2025,8,2025-08-01,26,7,19,0
CA,2025,9,2025-09-01,21,3,18,0
CA,2025,10,2025-10-01,30,20,9,1
CA,2025,11,2025-11-01,14,2,11,1
CA,2025,12,2025-12-01,14,1,13,0
CA,2026,1,2026-01-01,2,2,0,0
CO,2012,7,2012-07-01,11,8,3,0
CO,2012,8,2012-08-01,1,1,0,0
CO,2012,9,2012-09-01,9,9,0,0
CO,2012,10,2012-10-01,3,0,3,0
CO,2012,11,2012-11-01,5,5,0,0
CO,2012,12,2012-12-01,2,2,0,0
CO,2013,1,2013-01-01,1,0,1,0
CO,2013,2,2013-02-01,1,1,0,0
CO,2013,4,2013-04-01,1,0,0,1
CO,2013,5,2013-05-01,12,0,12,0
CO,2013,8,2013-08-01,2,0,0,2
CO,2013,10,2013-10-01,13,0,13,0
CO,2013,11,2013-11-01,1,0,1,0
CO,2013,12,2013-12-01,2,1,1,0
CO,2014,1,2014-01-01,1,1,0,0
CO,2014,2,2014-02-01,7,4,3,0
CO,2014,4,2014-04-01,3,3,0,0
CO,2014,5,2014-05-01,2,2,0,0
CO,2014,7,2014-07-01,2,2,0,0
CO,2015,2,2015-02-01,3,2,1,0
CO,2015,3,2015-03-01,1,1,0,0
CO,2015,4,2015-04-01,1,0,0,1
CO,2015,5,2015-05-01,1,1,0,0
CO,2015,6,2015-06-01,4,3,1,0
CO,2015,7,2015-07-01,1,1,0,0
CO,2015,8,2015-08-01,8,0,7,1
CO,2015,10,2015-10-01,3,3,0,0
CO,2015,11,2015-11-01,2,0,2,0
CO,2016,1,2016-01-01,1,0,1,0
CO,2016,3,2016-03-01,1,0,1,0
CO,2016,4,2016-04-01,1,0,1,0
CO,2016,5,2016-05-01,7,2,5,0
CO,2016,6,2016-06-01,11,11,0,0
CO,2016,8,2016-08-01,1,1,0,0
CO,2016,10,2016-10-01,3,3,0,0
CO,2016,11,2016-11-01,2,1,1,0
CO,2016,12,2016-12-01,30,30,0,0
CO,2017,1,2017-01-01,1,0,1,0
CO,2017,2,2017-02-01,2,0,2,0
CO,2017,3,2017-03-01,1,0,1,0
CO,2017,5,2017-05-01,1,1,0,0
CO,2017,6,2017-06-01,1,1,0,0
CO,2017,7,2017-07-01,1,0,1,0
CO,2017,8,2017-08-01,1,1,0,0
CO,2017,9,2017-09-01,1,0,1,0
CO,2017,10,2017-10-01,2,2,0,0
CO,2017,11,2017-11-01,7,2,5,0
CO,2018,2,2018-02-01,1,1,0,0
CO,2018,3,2018-03-01,4,2,2,0
CO,2018,6,2018-06-01,1,0,1,0
CO,2018,10,2018-10-01,1,0,1,0
CO,2018,12,2018-12-01,1,1,0,0
CO,2019,1,2019-01-01,10,0,10,0
CO,2019,2,2019-02-01,2,0,2,0
CO,2019,3,2019-03-01,1,0,1,0
CO,2019,5,2019-05-01,1,0,1,0
CO,2019,7,2019-07-01,7,0,7,0
CO,2019,10,2019-10-01,5,0,4,1
CO,2019,11,2019-11-01,2,1,1,0
CO,2019,12,2019-12-01,1,1,0,0
CO,2020,1,2020-01-01,3,1,2,0
CO,2020,2,2020-02-01,4,0,4,0
CO,2020,10,2020-10-01,1,0,1,0
CO,2021,3,2021-03-01,3,1,0,2
CO,2021,5,2021-05-01,4,4,0,0
CO,2021,10,2021-10-01,2,2,0,0
CO,2022,1,2022-01-01,1,0,1,0
CO,2022,2,2022-02-01,1,0,1,0
CO,2022,5,2022-05-01,2,1,1,0
CO,2022,7,2022-07-01,2,0,2,0
CO,2022,8,2022-08-01,2,2,0,0
CO,2022,9,2022-09-01,2,0,2,0
CO,2022,10,2022-10-01,4,4,0,0
CO,2023,1,2023-01-01,1,1,0,0
CO,2023,3,2023-03-01,2,0,2,0
CO,2023,4,2023-04-01,1,0,1,0
CO,2023,5,2023-05-01,1,0,1,0
CO,2023,6,2023-06-01,2,0,0,2
CO,2023,12,2023-12-01,1,0,1,0
CO,2024,2,2024-02-01,1,0,0,1
CO,2024,7,2024-07-01,3,0,3,0
CO,2024,8,2024-08-01,2,0,2,0
CO,2024,9,2024-09-01,1,0,1,0
CO,2024,10,2024-10-01,7,6,1,0
CO,2024,12,2024-12-01,1,0,1,0
CO,2025,2,2025-02-01,3,0,2,1
CO,2025,3,2025-03-01,1,0,1,0
CO,2025,4,2025-04-01,1,1,0,0
CO,2025,8,2025-08-01,4,0,4,0
CO,2025,9,2025-09-01,3,0,3,0
CO,2025,10,2025-10-01,2,0,2,0
CO,2025,12,2025-12-01,1,0,1,0
CT,2011,7,2011-07-01,1,0,1,0
CT,2012,10,2012-10-01,1,1,0,0
CT,2012,11,2012-11-01,1,1,0,0
CT,2013,6,2013-06-01,2,2,0,0
CT,2013,9,2013-09-01,2,0,2,0
CT,2013,11,2013-11-01,2,0,2,0
CT,2013,12,2013-12-01,1,1,0,0
CT,2014,1,2014-01-01,3,2,1,0
CT,2014,2,2014-02-01,1,0,1,0
CT,2014,6,2014-06-01,6,0,6,0
CT,2014,7,2014-07-01,5,4,1,0
CT,2014,12,2014-12-01,1,0,0,1
CT,2015,1,2015-01-01,4,2,0,2
CT,2015,3,2015-03-01,12,12,0,0
CT,2015,5,2015-05-01,1,1,0,0
CT,2015,12,2015-12-01,7,0,7,0
CT,2016,3,2016-03-01,1,0,1,0
CT,2016,4,2016-04-01,7,0,7,0
CT,2016,5,2016-05-01,3,3,0,0
CT,2016,12,2016-12-01,1,0,1,0
CT,2017,2,2017-02-01,4,0,4,0
CT,2017,4,2017-04-01,1,0,1,0
CT,2017,6,2017-06-01,1,0,1,0
CT,2017,7,2017-07-01,1,1,0,0
CT,2017,8,2017-08-01,2,1,1,0
CT,2017,11,2017-11-01,5,0,5,0
CT,2017,12,2017-12-01,1,1,0,0
CT,2018,2,2018-02-01,2,0,2,0
CT,2018,5,2018-05-01,1,0,1,0
CT,2018,7,2018-07-01,8,0,8,0
CT,2018,8,2018-08-01,1,0,1,0
CT,2018,9,2018-09-01,1,0,1,0
CT,2019,3,2019-03-01,1,0,1,0
CT,2019,8,2019-08-01,1,0,1,0
CT,2019,12,2019-12-01,4,0,4,0
CT,2020,12,2020-12-01,2,2,0,0
CT,2021,2,2021-02-01,1,1,0,0
CT,2021,4,2021-04-01,1,0,1,0
CT,2021,5,2021-05-01,1,0,1,0
CT,2022,1,2022-01-01,1,0,1,0
CT,2022,2,2022-02-01,1,1,0,0
CT,2022,6,2022-06-01,1,0,0,1
CT,2022,7,2022-07-01,1,0,1,0
CT,2022,8,2022-08-01,8,7,1,0
CT,2022,9,2022-09-01,1,0,1,0
CT,2022,12,2022-12-01,1,0,1,0
CT,2023,12,2023-12-01,2,0,2,0
CT,2024,1,2024-01-01,1,0,1,0
CT,2024,3,2024-03-01,9,5,3,1
CT,2024,4,2024-04-01,2,2,0,0
CT,2024,5,2024-05-01,1,0,1,0
CT,2024,11,2024-11-01,34,0,34,0
CT,2024,12,2024-12-01,1,0,1,0
CT,2025,4,2025-04-01,1,1,0,0
CT,2025,5,2025-05-01,1,1,0,0
CT,2025,6,2025-06-01,1,0,1,0
CT,2025,9,2025-09-01,7,0,4,3
CT,2025,10,2025-10-01,3,0,3,0
DC,2014,4,2014-04-01,6,0,0,6
DC,2021,2,2021-02-01,1,1,0,0
DC,2022,1,2022-01-01,1,0,1,0
DC,2025,8,2025-08-01,1,0,1,0
DE,2014,2,2014-02-01,18,13,5,0
DE,2014,5,2014-05-01,1,1,0,0
DE,2015,2,2015-02-01,3,0,3,0
DE,2016,4,2016-04-01,1,1,0,0
DE,2020,3,2020-03-01,3,0,3,0
DE,2022,7,2022-07-01,1,1,0,0
DE,2023,1,2023-01-01,1,1,0,0
DE,2023,3,2023-03-01,1,0,1,0
DE,2024,12,2024-12-01,1,0,1,0
FL,2011,4,2011-04-01,2,0,2,0
FL,2011,6,2011-06-01,5,1,4,0
FL,2012,1,2012-01-01,1,0,1,0
FL,2012,2,2012-02-01,6,0,6,0
FL,2012,4,2012-04-01,3,3,0,0
FL,2012,6,2012-06-01,2,1,1,0
FL,2012,7,2012-07-01,60,58,2,0
FL,2012,8,2012-08-01,6,3,3,0
FL,2012,9,2012-09-01,17,17,0,0
FL,2012,10,2012-10-01,3,2,1,0
FL,2012,11,2012-11-01,45,44,1,0
FL,2012,12,2012-12-01,19,16,1,2
FL,2013,1,2013-01-01,1,1,0,0
FL,2013,2,2013-02-01,17,17,0,0
FL,2013,3,2013-03-01,7,7,0,0
FL,2013,4,2013-04-01,4,0,4,0
FL,2013,5,2013-05-01,3,1,2,0
FL,2013,7,2013-07-01,1,0,0,1
FL,2013,8,2013-08-01,3,1,0,2
FL,2013,10,2013-10-01,1,0,1,0
FL,2013,11,2013-11-01,3,0,2,1
FL,2014,1,2014-01-01,1,1,0,0
FL,2014,2,2014-02-01,2,2,0,0
FL,2014,3,2014-03-01,4,1,3,0
FL,2014,4,2014-04-01,7,2,4,1
FL,2014,6,2014-06-01,4,0,4,0
FL,2014,7,2014-07-01,8,7,1,0
FL,2014,8,2014-08-01,1,1,0,0
FL,2014,9,2014-09-01,3,1,2,0
FL,2014,10,2014-10-01,19,18,1,0
FL,2014,11,2014-11-01,5,1,4,0
FL,2014,12,2014-12-01,6,0,6,0
FL,2015,1,2015-01-01,7,0,7,0
FL,2015,2,2015-02-01,11,0,11,0
FL,2015,3,2015-03-01,4,2,2,0
FL,2015,4,2015-04-01,1,0,0,1
FL,2015,7,2015-07-01,1,0,0,1
FL,2015,8,2015-08-01,4,3,1,0
FL,2015,9,2015-09-01,10,1,9,0
FL,2015,10,2015-10-01,177,4,173,0
FL,2015,12,2015-12-01,3,3,0,0
FL,2016,1,2016-01-01,10,8,2,0
FL,2016,2,2016-02-01,7,4,3,0
FL,2016,3,2016-03-01,12,0,12,0
FL,2016,4,2016-04-01,4,2,2,0
FL,2016,5,2016-05-01,2,2,0,0
FL,2016,6,2016-06-01,9,2,7,0
FL,2016,8,2016-08-01,39,7,32,0
FL,2016,9,2016-09-01,7,1,6,0
FL,2016,10,2016-10-01,7,5,2,0
FL,2016,11,2016-11-01,1,1,0,0
FL,2016,12,2016-12-01,11,4,7,0
FL,2017,1,2017-01-01,1,0,1,0
FL,2017,2,2017-02-01,4,0,4,0
FL,2017,3,2017-03-01,14,14,0,0
FL,2017,4,2017-04-01,5,4,1,0
FL,2017,5,2017-05-01,6,3,2,1
FL,2017,6,2017-06-01,8,2,6,0
FL,2017,7,2017-07-01,5,0,5,0
FL,2017,8,2017-08-01,26,0,26,0
FL,2017,9,2017-09-01,1,1,0,0
FL,2017,10,2017-10-01,3,3,0,0
FL,2017,12,2017-12-01,2,2,0,0
FL,2018,1,2018-01-01,8,0,8,0
FL,2018,3,2018-03-01,7,7,0,0
FL,2018,4,2018-04-01,1,0,0,1
FL,2018,5,2018-05-01,3,0,2,1
FL,2018,6,2018-06-01,3,0,3,0
FL,2018,7,2018-07-01,4,0,4,0
FL,2018,9,2018-09-01,181,172,9,0
FL,2018,10,2018-10-01,8,0,8,0
FL,2018,11,2018-11-01,8,0,0,8
FL,2019,1,2019-01-01,4,0,4,0
FL,2019,2,2019-02-01,8,4,4,0
FL,2019,3,2019-03-01,2,1,1,0
FL,2019,4,2019-04-01,1,0,1,0
FL,2019,5,2019-05-01,7,5,2,0
FL,2019,6,2019-06-01,3,1,2,0
FL,2019,7,2019-07-01,3,1,1,1
FL,2019,9,2019-09-01,11,1,9,1
FL,2019,10,2019-10-01,3,1,2,0
FL,2019,11,2019-11-01,4,0,4,0
FL,2019,12,2019-12-01,5,2,3,0
FL,2020,1,2020-01-01,1,0,1,0
FL,2020,2,2020-02-01,11,0,9,2
FL,2020,3,2020-03-01,3,1,0,2
FL,2020,4,2020-04-01,1,0,0,1
FL,2020,5,2020-05-01,5,4,1,0
FL,2020,6,2020-06-01,94,1,93,0
FL,2020,8,2020-08-01,1,0,1,0
FL,2020,9,2020-09-01,2,0,2,0
FL,2020,10,2020-10-01,1,1,0,0
FL,2020,11,2020-11-01,3,1,2,0
FL,2020,12,2020-12-01,2,0,2,0
FL,2021,1,2021-01-01,8,0,8,0
FL,2021,2,2021-02-01,6,3,2,1
FL,2021,3,2021-03-01,1,0,1,0
FL,2021,4,2021-04-01,1,0,1,0
FL,2021,6,2021-06-01,2,1,1,0
FL,2021,9,2021-09-01,3,2,1,0
FL,2021,10,2021-10-01,1,1,0,0
FL,2021,11,2021-11-01,12,1,11,0
FL,2021,12,2021-12-01,1,0,1,0
FL,2022,1,2022-01-01,1,0,1,0
FL,2022,2,2022-02-01,5,0,5,0
FL,2022,3,2022-03-01,1,0,1,0
FL,2022,4,2022-04-01,1,1,0,0
FL,2022,5,2022-05-01,8,5,3,0
FL,2022,6,2022-06-01,1,0,1,0
FL,2022,7,2022-07-01,2,1,1,0
FL,2022,8,2022-08-01,3,2,1,0
FL,2022,10,2022-10-01,6,4,2,0
FL,2022,11,2022-11-01,3,1,0,2
FL,2022,12,2022-12-01,2,2,0,0
FL,2023,3,2023-03-01,25,7,18,0
FL,2023,4,2023-04-01,13,8,5,0
FL,2023,5,2023-05-01,3,0,3,0
FL,2023,6,2023-06-01,3,3,0,0
FL,2023,7,2023-07-01,4,0,1,3
FL,2023,8,2023-08-01,3,1,1,1
FL,2023,9,2023-09-01,47,43,0,4
FL,2023,10,2023-10-01,9,3,6,0
FL,2023,11,2023-11-01,2,0,2,0
FL,2023,12,2023-12-01,14,8,6,0
FL,2024,2,2024-02-01,7,3,3,1
FL,2024,3,2024-03-01,12,7,4,1
FL,2024,4,2024-04-01,4,2,2,0
FL,2024,5,2024-05-01,2,1,0,1
FL,2024,6,2024-06-01,2,2,0,0
FL,2024,7,2024-07-01,3,1,2,0
FL,2024,8,2024-08-01,3,1,2,0
FL,2024,9,2024-09-01,5,0,5,0
FL,2024,10,2024-10-01,4,3,1,0
FL,2024,11,2024-11-01,3,1,2,0
FL,2025,1,2025-01-01,2,1,1,0
FL,2025,2,2025-02-01,1,1,0,0
FL,2025,3,2025-03-01,2,0,2,0
FL,2025,4,2025-04-01,2,2,0,0
FL,2025,5,2025-05-01,9,7,2,0
FL,2025,6,2025-06-01,15,5,10,0
FL,2025,7,2025-07-01,2,0,1,1
FL,2025,8,2025-08-01,6,1,5,0
FL,2025,10,2025-10-01,2,1,1,0
FL,2025,12,2025-12-01,5,0,5,0
GA,2012,5,2012-05-01,3,0,0,3
GA,2012,6,2012-06-01,2,0,2,0
GA,2012,7,2012-07-01,13,13,0,0
GA,2012,8,2012-08-01,1,1,0,0
GA,2012,9,2012-09-01,1,0,1,0
GA,2012,10,2012-10-01,1,1,0,0
GA,2012,11,2012-11-01,4,4,0,0
GA,2012,12,2012-12-01,1,0,1,0
GA,2013,1,2013-01-01,1,0,0,1
GA,2013,5,2013-05-01,6,0,6,0
GA,2013,6,2013-06-01,1,0,1,0
GA,2013,9,2013-09-01,1,0,1,0
GA,2013,11,2013-11-01,1,1,0,0
GA,2013,12,2013-12-01,2,2,0,0
GA,2014,2,2014-02-01,3,3,0,0
GA,2014,3,2014-03-01,1,0,1,0
GA,2014,4,2014-04-01,1,1,0,0
GA,2014,5,2014-05-01,2,1,0,1
GA,2014,6,2014-06-01,2,2,0,0
GA,2014,10,2014-10-01,4,0,4,0
GA,2014,11,2014-11-01,3,2,0,1
GA,2015,1,2015-01-01,39,28,11,0
GA,2015,2,2015-02-01,23,0,23,0
GA,2015,4,2015-04-01,1,0,1,0
GA,2015,5,2015-05-01,3,0,3,0
GA,2015,9,2015-09-01,9,0,1,8
GA,2015,11,2015-11-01,1,0,1,0
GA,2016,3,2016-03-01,4,1,2,1
GA,2016,4,2016-04-01,78,0,78,0
GA,2016,5,2016-05-01,1,0,1,0
GA,2016,6,2016-06-01,2,1,1,0
GA,2016,7,2016-07-01,32,0,32,0
GA,2016,8,2016-08-01,13,0,12,1
GA,2016,12,2016-12-01,6,6,0,0
GA,2017,2,2017-02-01,3,1,2,0
GA,2017,4,2017-04-01,1,1,0,0
GA,2017,8,2017-08-01,2,0,2,0
GA,2017,10,2017-10-01,1,0,1,0
GA,2017,12,2017-12-01,3,0,3,0
GA,2018,1,2018-01-01,1,0,1,0
GA,2018,2,2018-02-01,1,0,1,0
GA,2018,7,2018-07-01,4,0,3,1
GA,2018,8,2018-08-01,2,0,2,0
GA,2018,10,2018-10-01,2,0,2,0
GA,2019,1,2019-01-01,11,11,0,0
GA,2019,3,2019-03-01,1,1,0,0
GA,2019,5,2019-05-01,1,0,1,0
GA,2019,7,2019-07-01,14,0,14,0
GA,2019,8,2019-08-01,3,0,3,0
GA,2019,12,2019-12-01,29,29,0,0
GA,2020,1,2020-01-01,1,0,0,1
GA,2020,6,2020-06-01,1,0,1,0
GA,2020,11,2020-11-01,3,0,3,0
GA,2020,12,2020-12-01,2,0,2,0
GA,2021,4,2021-04-01,17,14,3,0
GA,2021,5,2021-05-01,3,0,3,0
GA,2021,6,2021-06-01,1,0,1,0
GA,2021,8,2021-08-01,13,0,13,0
GA,2021,9,2021-09-01,1,1,0,0
GA,2021,10,2021-10-01,6,0,6,0
GA,2021,11,2021-11-01,106,105,1,0
GA,2021,12,2021-12-01,1,1,0,0
GA,2022,3,2022-03-01,1,0,1,0
GA,2022,4,2022-04-01,2,1,1,0
GA,2022,7,2022-07-01,17,1,16,0
GA,2022,8,2022-08-01,1,0,1,0
GA,2022,9,2022-09-01,26,24,0,2
GA,2022,10,2022-10-01,7,0,7,0
GA,2022,11,2022-11-01,1,0,1,0
GA,2022,12,2022-12-01,1,0,1,0
GA,2023,1,2023-01-01,24,1,11,12
GA,2023,3,2023-03-01,1,1,0,0
GA,2023,4,2023-04-01,1,0,1,0
GA,2023,5,2023-05-01,1,1,0,0
GA,2023,6,2023-06-01,1,1,0,0
GA,2023,7,2023-07-01,14,0,14,0
GA,2023,11,2023-11-01,16,16,0,0
GA,2024,8,2024-08-01,3,0,3,0
GA,2024,10,2024-10-01,21,0,21,0
GA,2024,11,2024-11-01,1,1,0,0
GA,2025,3,2025-03-01,1,0,1,0
GA,2025,5,2025-05-01,1,0,1,0
GA,2025,6,2025-06-01,6,1,5,0
GA,2025,7,2025-07-01,15,15,0,0
GA,2025,8,2025-08-01,16,0,0,16
GA,2025,10,2025-10-01,1,0,0,1
HI,2012,6,2012-06-01,2,0,1,1
HI,2012,10,2012-10-01,1,1,0,0
HI,2013,8,2013-08-01,2,0,0,2
HI,2014,1,2014-01-01,1,0,1,0
HI,2014,5,2014-05-01,1,1,0,0
HI,2014,6,2014-06-01,3,0,1,2
HI,2014,7,2014-07-01,14,14,0,0
HI,2015,8,2015-08-01,5,5,0,0
HI,2016,1,2016-01-01,5,5,0,0
HI,2016,9,2016-09-01,6,6,0,0
HI,2016,11,2016-11-01,3,3,0,0
HI,2017,5,2017-05-01,3,3,0,0
HI,2017,6,2017-06-01,1,1,0,0
HI,2017,8,2017-08-01,1,0,1,0
HI,2018,10,2018-10-01,4,0,4,0
HI,2019,5,2019-05-01,3,0,3,0
HI,2019,8,2019-08-01,1,0,1,0
HI,2019,10,2019-10-01,1,1,0,0
HI,2019,12,2019-12-01,1,0,1,0
HI,2020,6,2020-06-01,1,1,0,0
HI,2023,11,2023-11-01,1,0,1,0
HI,2024,1,2024-01-01,1,1,0,0
HI,2024,5,2024-05-01,1,1,0,0
HI,2024,9,2024-09-01,2,2,0,0
HI,2025,2,2025-02-01,3,2,1,0
HI,2025,4,2025-04-01,1,1,0,0
HI,2025,10,2025-10-01,1,0,1,0
IA,2012,8,2012-08-01,1,1,0,0
IA,2012,11,2012-11-01,1,1,0,0
IA,2013,5,2013-05-01,1,0,1,0
IA,2013,6,2013-06-01,1,1,0,0
IA,2013,10,2013-10-01,1,0,1,0
IA,2013,11,2013-11-01,2,2,0,0
IA,2014,1,2014-01-01,1,0,0,1
IA,2014,4,2014-04-01,4,1,3,0
IA,2014,5,2014-05-01,1,1,0,0
IA,2015,1,2015-01-01,1,1,0,0
IA,2015,3,2015-03-01,25,25,0,0
IA,2015,5,2015-05-01,2,0,2,0
IA,2015,8,2015-08-01,7,1,0,6
IA,2015,9,2015-09-01,104,0,0,104
IA,2015,11,2015-11-01,2,1,1,0
IA,2016,2,2016-02-01,5,1,0,4
IA,2016,3,2016-03-01,3,3,0,0
IA,2016,5,2016-05-01,1,0,1,0
IA,2016,6,2016-06-01,1,1,0,0
IA,2016,9,2016-09-01,19,19,0,0
IA,2016,10,2016-10-01,2,1,1,0
IA,2017,1,2017-01-01,26,26,0,0
IA,2017,2,2017-02-01,3,0,3,0
IA,2017,3,2017-03-01,27,27,0,0
IA,2018,1,2018-01-01,2,0,2,0
IA,2018,4,2018-04-01,4,0,4,0
IA,2018,5,2018-05-01,1,1,0,0
IA,2018,8,2018-08-01,3,2,1,0
IA,2018,9,2018-09-01,1,0,1,0
IA,2018,11,2018-11-01,1,1,0,0
IA,2019,1,2019-01-01,16,16,0,0
IA,2019,3,2019-03-01,2,0,2,0
IA,2019,4,2019-04-01,6,0,6,0
IA,2019,7,2019-07-01,1,0,1,0
IA,2019,9,2019-09-01,1,1,0,0
IA,2019,10,2019-10-01,4,0,4,0
IA,2019,12,2019-12-01,1,1,0,0
IA,2020,2,2020-02-01,1,0,1,0
IA,2020,11,2020-11-01,2,2,0,0
IA,2021,3,2021-03-01,1,0,1,0
IA,2021,5,2021-05-01,2,2,0,0
IA,2021,6,2021-06-01,3,0,3,0
IA,2021,8,2021-08-01,4,0,4,0
IA,2021,9,2021-09-01,18,0,18,0
IA,2022,6,2022-06-01,2,0,0,2
IA,2022,10,2022-10-01,1,0,1,0
IA,2022,11,2022-11-01,2,0,2,0
IA,2023,3,2023-03-01,6,0,6,0
IA,2023,7,2023-07-01,4,0,4,0
IA,2023,10,2023-10-01,4,0,4,0
IA,2023,11,2023-11-01,5,2,3,0
IA,2023,12,2023-12-01,4,4,0,0
IA,2024,5,2024-05-01,22,17,5,0
IA,2024,9,2024-09-01,2,0,2,0
IA,2024,11,2024-11-01,5,0,5,0
IA,2025,4,2025-04-01,22,0,22,0
IA,2025,6,2025-06-01,11,11,0,0
IA,2025,8,2025-08-01,9,0,9,0
ID,2012,6,2012-06-01,1,0,1,0
ID,2013,4,2013-04-01,1,0,0,1
ID,2013,9,2013-09-01,64,0,64,0
ID,2014,2,2014-02-01,1,0,0,1
ID,2014,7,2014-07-01,1,0,1,0
ID,2014,11,2014-11-01,2,1,1,0
ID,2015,7,2015-07-01,3,1,2,0
ID,2016,3,2016-03-01,1,1,0,0
ID,2016,7,2016-07-01,1,1,0,0
ID,2016,9,2016-09-01,1,0,1,0
ID,2016,12,2016-12-01,3,0,2,1
ID,2017,1,2017-01-01,1,0,0,1
ID,2017,6,2017-06-01,1,0,1,0
ID,2017,7,2017-07-01,4,0,4,0
ID,2017,8,2017-08-01,4,4,0,0
ID,2017,9,2017-09-01,1,0,1,0
ID,2017,10,2017-10-01,41,23,18,0
ID,2018,4,2018-04-01,3,3,0,0
ID,2018,8,2018-08-01,1,0,1,0
ID,2018,9,2018-09-01,1,0,1,0
ID,2018,12,2018-12-01,1,1,0,0
ID,2019,2,2019-02-01,1,0,1,0
ID,2019,5,2019-05-01,2,0,2,0
ID,2019,6,2019-06-01,1,1,0,0
ID,2019,11,2019-11-01,1,0,1,0
ID,2020,3,2020-03-01,3,0,3,0
ID,2020,12,2020-12-01,1,1,0,0
ID,2021,2,2021-02-01,1,0,1,0
ID,2021,9,2021-09-01,1,1,0,0
ID,2021,10,2021-10-01,8,8,0,0
ID,2021,11,2021-11-01,1,0,1,0
ID,2022,2,2022-02-01,1,0,1,0
ID,2022,5,2022-05-01,12,11,1,0
ID,2022,6,2022-06-01,1,1,0,0
ID,2022,7,2022-07-01,3,3,0,0
ID,2022,8,2022-08-01,2,1,1,0
ID,2022,10,2022-10-01,2,2,0,0
ID,2023,4,2023-04-01,3,0,1,2
ID,2023,5,2023-05-01,1,1,0,0
ID,2024,2,2024-02-01,6,2,4,0
ID,2024,3,2024-03-01,1,0,1,0
ID,2024,9,2024-09-01,1,1,0,0
ID,2024,10,2024-10-01,4,1,3,0
ID,2025,1,2025-01-01,1,0,1,0
ID,2025,2,2025-02-01,1,0,1,0
ID,2025,5,2025-05-01,1,1,0,0
ID,2025,7,2025-07-01,15,15,0,0
ID,2025,9,2025-09-01,10,10,0,0
ID,2025,10,2025-10-01,4,4,0,0
ID,2025,11,2025-11-01,1,0,1,0
ID,2025,12,2025-12-01,2,0,2,0
IL,2012,5,2012-05-01,3,0,2,1
IL,2012,6,2012-06-01,10,0,10,0
IL,2012,9,2012-09-01,1,0,1,0
IL,2012,10,2012-10-01,2,1,1,0
IL,2012,11,2012-11-01,3,2,1,0
IL,2013,1,2013-01-01,25,1,24,0
IL,2013,3,2013-03-01,6,1,5,0
IL,2013,5,2013-05-01,3,1,2,0
IL,2013,7,2013-07-01,2,1,1,0
IL,2013,8,2013-08-01,8,4,4,0
IL,2013,9,2013-09-01,1,1,0,0
IL,2013,10,2013-10-01,20,0,20,0
IL,2013,11,2013-11-01,10,0,10,0
IL,2014,2,2014-02-01,2,1,1,0
IL,2014,3,2014-03-01,9,3,6,0
IL,2014,4,2014-04-01,1,0,1,0
IL,2014,5,2014-05-01,22,10,12,0
IL,2014,6,2014-06-01,3,2,1,0
IL,2014,7,2014-07-01,1,0,1,0
IL,2014,8,2014-08-01,2,1,0,1
IL,2014,9,2014-09-01,3,0,3,0
IL,2014,10,2014-10-01,2,1,1,0
IL,2014,11,2014-11-01,1,1,0,0
IL,2014,12,2014-12-01,3,3,0,0
IL,2015,1,2015-01-01,3,3,0,0
IL,2015,2,2015-02-01,3,3,0,0
IL,2015,3,2015-03-01,3,2,1,0
IL,2015,4,2015-04-01,9,2,7,0
IL,2015,5,2015-05-01,3,2,1,0
IL,2015,6,2015-06-01,1,0,1,0
IL,2015,7,2015-07-01,3,1,2,0
IL,2015,8,2015-08-01,2,0,1,1
IL,2015,9,2015-09-01,3,0,3,0
IL,2015,10,2015-10-01,23,22,1,0
IL,2015,11,2015-11-01,3,2,0,1
IL,2015,12,2015-12-01,8,1,7,0
IL,2016,1,2016-01-01,1,1,0,0
IL,2016,2,2016-02-01,10,5,5,0
IL,2016,3,2016-03-01,8,3,5,0
IL,2016,4,2016-04-01,1,0,1,0
IL,2016,5,2016-05-01,70,68,2,0
IL,2016,6,2016-06-01,15,14,1,0
IL,2016,7,2016-07-01,5,3,2,0
IL,2016,8,2016-08-01,3,2,0,1
IL,2016,9,2016-09-01,36,5,31,0
IL,2016,10,2016-10-01,13,1,12,0
IL,2016,11,2016-11-01,4,2,2,0
IL,2016,12,2016-12-01,42,19,23,0
IL,2017,1,2017-01-01,3,1,1,1
IL,2017,2,2017-02-01,4,0,4,0
IL,2017,3,2017-03-01,14,12,2,0
IL,2017,4,2017-04-01,3,1,2,0
IL,2017,5,2017-05-01,371,0,371,0
IL,2017,6,2017-06-01,3,3,0,0
IL,2017,7,2017-07-01,1,1,0,0
IL,2017,8,2017-08-01,1,1,0,0
IL,2017,9,2017-09-01,1,0,1,0
IL,2017,10,2017-10-01,13,0,13,0
IL,2017,11,2017-11-01,7,0,7,0
IL,2017,12,2017-12-01,13,2,10,1
IL,2018,1,2018-01-01,4,1,3,0
IL,2018,3,2018-03-01,14,0,14,0
IL,2018,5,2018-05-01,2,1,1,0
IL,2018,6,2018-06-01,4,0,0,4
IL,2018,7,2018-07-01,56,0,55,1
IL,2018,8,2018-08-01,3,0,2,1
IL,2018,9,2018-09-01,4,0,3,1
IL,2018,10,2018-10-01,67,0,67,0
IL,2018,11,2018-11-01,6,0,5,1
IL,2018,12,2018-12-01,20,0,20,0
IL,2019,2,2019-02-01,2,0,2,0
IL,2019,3,2019-03-01,37,0,32,5
IL,2019,4,2019-04-01,1,0,1,0
IL,2019,5,2019-05-01,24,23,1,0
IL,2019,6,2019-06-01,5,0,3,2
IL,2019,7,2019-07-01,2,1,1,0
IL,2019,8,2019-08-01,1,0,1,0
IL,2019,9,2019-09-01,23,19,4,0
IL,2019,10,2019-10-01,3,2,1,0
IL,2019,11,2019-11-01,5,0,4,1
IL,2019,12,2019-12-01,1,1,0,0
IL,2020,1,2020-01-01,3,2,1,0
IL,2020,2,2020-02-01,5,0,5,0
IL,2020,3,2020-03-01,5,5,0,0
IL,2020,5,2020-05-01,3,0,3,0
IL,2020,6,2020-06-01,1,1,0,0
IL,2020,8,2020-08-01,2,1,1,0
IL,2020,9,2020-09-01,7,2,5,0
IL,2020,11,2020-11-01,2,2,0,0
IL,2020,12,2020-12-01,1,1,0,0
IL,2021,1,2021-01-01,2,0,2,0
IL,2021,2,2021-02-01,2,0,1,1
IL,2021,3,2021-03-01,6,6,0,0
IL,2021,4,2021-04-01,23,0,22,1
IL,2021,5,2021-05-01,13,4,9,0
IL,2021,7,2021-07-01,11,0,10,1
IL,2021,8,2021-08-01,3,0,3,0
IL,2021,9,2021-09-01,1,0,1,0
IL,2021,10,2021-10-01,16,1,12,3
IL,2021,11,2021-11-01,19,1,18,0
IL,2021,12,2021-12-01,91,90,0,1
IL,2022,1,2022-01-01,2,2,0,0
IL,2022,2,2022-02-01,63,41,22,0
IL,2022,3,2022-03-01,2,0,2,0
IL,2022,5,2022-05-01,2,0,2,0
IL,2022,6,2022-06-01,3,1,2,0
IL,2022,7,2022-07-01,9,2,7,0
IL,2022,8,2022-08-01,1,0,1,0
IL,2022,9,2022-09-01,3,2,1,0
IL,2022,11,2022-11-01,2,0,2,0
IL,2022,12,2022-12-01,1,0,1,0
IL,2023,2,2023-02-01,4,0,1,3
IL,2023,3,2023-03-01,1,1,0,0
IL,2023,4,2023-04-01,2,0,2,0
IL,2023,5,2023-05-01,196,196,0,0
IL,2023,6,2023-06-01,5,1,4,0
IL,2023,7,2023-07-01,5,0,1,4
IL,2023,8,2023-08-01,3,0,3,0
IL,2023,9,2023-09-01,2,1,1,0
IL,2023,10,2023-10-01,1,0,0,1
IL,2023,11,2023-11-01,8,8,0,0
IL,2023,12,2023-12-01,66,0,65,1
IL,2024,1,2024-01-01,1,0,0,1
IL,2024,2,2024-02-01,1,0,0,1
IL,2024,3,2024-03-01,3,1,1,1
IL,2024,4,2024-04-01,1,0,1,0
IL,2024,5,2024-05-01,5,5,0,0
IL,2024,6,2024-06-01,1,0,0,1
IL,2024,7,2024-07-01,3,1,0,2
IL,2024,8,2024-08-01,2,0,2,0
IL,2024,10,2024-10-01,65,0,65,0
IL,2024,11,2024-11-01,7,2,5,0
IL,2024,12,2024-12-01,4,4,0,0
IL,2025,2,2025-02-01,6,2,4,0
IL,2025,3,2025-03-01,2,0,2,0
IL,2025,4,2025-04-01,2,1,1,0
IL,2025,5,2025-05-01,1,0,0,1
IL,2025,6,2025-06-01,3,0,1,2
IL,2025,7,2025-07-01,17,16,1,0
IL,2025,8,2025-08-01,1,0,1,0
IL,2025,9,2025-09-01,8,1,7,0
IL,2025,11,2025-11-01,3,2,1,0
IL,2025,12,2025-12-01,2,0,2,0
IN,2012,8,2012-08-01,1,1,0,0
IN,2012,9,2012-09-01,12,12,0,0
IN,2012,11,2012-11-01,13,0,13,0
IN,2013,1,2013-01-01,2,2,0,0
IN,2013,2,2013-02-01,2,0,2,0
IN,2013,3,2013-03-01,1,0,1,0
IN,2013,4,2013-04-01,13,0,6,7
IN,2013,9,2013-09-01,1,0,1,0
IN,2013,11,2013-11-01,8,0,8,0
IN,2013,12,2013-12-01,2,0,2,0
IN,2014,1,2014-01-01,10,9,1,0
IN,2014,4,2014-04-01,2,0,0,2
IN,2014,5,2014-05-01,6,0,6,0
IN,2014,6,2014-06-01,3,0,3,0
IN,2014,8,2014-08-01,6,0,6,0
IN,2014,9,2014-09-01,2,0,2,0
IN,2014,12,2014-12-01,1,1,0,0
IN,2015,3,2015-03-01,1,0,1,0
IN,2015,4,2015-04-01,6,0,6,0
IN,2015,6,2015-06-01,2,0,2,0
IN,2015,8,2015-08-01,24,0,10,14
IN,2015,10,2015-10-01,1,1,0,0
IN,2016,7,2016-07-01,1,1,0,0
IN,2016,9,2016-09-01,1,1,0,0
IN,2017,1,2017-01-01,1,0,1,0
IN,2017,2,2017-02-01,13,13,0,0
IN,2017,3,2017-03-01,1,1,0,0
IN,2017,10,2017-10-01,9,0,9,0
IN,2017,11,2017-11-01,2,0,2,0
IN,2018,3,2018-03-01,4,1,3,0
IN,2018,4,2018-04-01,1,1,0,0
IN,2018,5,2018-05-01,2,2,0,0
IN,2018,6,2018-06-01,26,26,0,0
IN,2018,7,2018-07-01,12,0,12,0
IN,2018,8,2018-08-01,1,0,1,0
IN,2018,9,2018-09-01,1,1,0,0
IN,2018,10,2018-10-01,8,0,8,0
IN,2019,1,2019-01-01,1,1,0,0
IN,2019,4,2019-04-01,1,1,0,0
IN,2019,6,2019-06-01,1,1,0,0
IN,2019,9,2019-09-01,2,0,2,0
IN,2020,2,2020-02-01,1,1,0,0
IN,2020,7,2020-07-01,1,0,1,0
IN,2021,4,2021-04-01,2,0,1,1
IN,2021,8,2021-08-01,1,0,1,0
IN,2021,9,2021-09-01,1,0,1,0
IN,2022,3,2022-03-01,1,1,0,0
IN,2022,5,2022-05-01,4,4,0,0
IN,2022,6,2022-06-01,13,0,13,0
IN,2022,7,2022-07-01,1,0,1,0
IN,2022,12,2022-12-01,26,0,26,0
IN,2023,2,2023-02-01,7,0,7,0
IN,2023,3,2023-03-01,1,0,1,0
IN,2023,5,2023-05-01,5,0,5,0
IN,2024,11,2024-11-01,2,1,1,0
IN,2025,1,2025-01-01,60,0,60,0
IN,2025,3,2025-03-01,3,0,3,0
IN,2025,4,2025-04-01,1,1,0,0
IN,2025,7,2025-07-01,2,0,2,0
IN,2025,9,2025-09-01,1,0,1,0
KS,2012,9,2012-09-01,1,1,0,0
KS,2013,1,2013-01-01,1,0,1,0
KS,2013,3,2013-03-01,2,0,2,0
KS,2013,5,2013-05-01,1,0,1,0
KS,2014,2,2014-02-01,2,0,2,0
KS,2015,9,2015-09-01,2,2,0,0
KS,2016,1,2016-01-01,1,1,0,0
KS,2016,2,2016-02-01,3,3,0,0
KS,2016,5,2016-05-01,5,5,0,0
KS,2016,6,2016-06-01,6,0,5,1
KS,2016,8,2016-08-01,124,124,0,0
KS,2017,3,2017-03-01,3,1,0,2
KS,2017,10,2017-10-01,5,5,0,0
KS,2018,2,2018-02-01,20,0,20,0
KS,2018,3,2018-03-01,1,0,0,1
KS,2018,10,2018-10-01,11,1,10,0
KS,2018,11,2018-11-01,1,0,1,0
KS,2019,1,2019-01-01,1,1,0,0
KS,2019,12,2019-12-01,1,0,1,0
KS,2021,3,2021-03-01,1,0,1,0
KS,2021,4,2021-04-01,1,0,1,0
KS,2021,6,2021-06-01,1,1,0,0
KS,2021,8,2021-08-01,7,0,7,0
KS,2022,3,2022-03-01,5,4,0,1
KS,2022,5,2022-05-01,21,21,0,0
KS,2024,1,2024-01-01,1,0,0,1
KS,2024,5,2024-05-01,36,36,0,0
KS,2024,8,2024-08-01,6,0,6,0
KS,2024,11,2024-11-01,1,0,1,0
KS,2025,2,2025-02-01,1,0,1,0
KS,2025,3,2025-03-01,1,0,1,0
KS,2025,4,2025-04-01,2,0,2,0
KY,2009,1,2009-01-01,2,2,0,0
KY,2011,10,2011-10-01,1,0,1,0
KY,2012,3,2012-03-01,1,1,0,0
KY,2012,6,2012-06-01,3,2,1,0
KY,2012,10,2012-10-01,5,4,1,0
KY,2012,11,2012-11-01,6,6,0,0
KY,2013,2,2013-02-01,5,5,0,0
KY,2013,4,2013-04-01,1,0,0,1
KY,2013,11,2013-11-01,1,1,0,0
KY,2014,1,2014-01-01,2,0,2,0
KY,2014,3,2014-03-01,1,0,1,0
KY,2014,4,2014-04-01,78,0,78,0
KY,2015,1,2015-01-01,13,0,13,0
KY,2015,5,2015-05-01,3,0,3,0
KY,2016,5,2016-05-01,1,1,0,0
KY,2016,6,2016-06-01,1,1,0,0
KY,2016,7,2016-07-01,1,1,0,0
KY,2016,9,2016-09-01,6,0,5,1
KY,2016,12,2016-12-01,1,1,0,0
KY,2017,5,2017-05-01,1,1,0,0
KY,2017,7,2017-07-01,9,0,9,0
KY,2017,10,2017-10-01,1,0,1,0
KY,2018,2,2018-02-01,1,0,1,0
KY,2018,5,2018-05-01,1,1,0,0
KY,2018,12,2018-12-01,14,0,14,0
KY,2019,10,2019-10-01,1,0,0,1
KY,2020,2,2020-02-01,22,0,22,0
KY,2021,7,2021-07-01,1,0,1,0
KY,2022,3,2022-03-01,4,1,3,0
KY,2022,5,2022-05-01,1,1,0,0
KY,2023,11,2023-11-01,1,1,0,0
KY,2024,7,2024-07-01,1,1,0,0
KY,2025,5,2025-05-01,2,0,2,0
KY,2025,9,2025-09-01,2,0,2,0
KY,2025,10,2025-10-01,2,2,0,0
LA,2012,7,2012-07-01,1,1,0,0
LA,2013,2,2013-02-01,2,2,0,0
LA,2013,6,2013-06-01,1,1,0,0
LA,2014,3,2014-03-01,1,0,1,0
LA,2014,12,2014-12-01,10,5,5,0
LA,2015,7,2015-07-01,3,0,3,0
LA,2015,9,2015-09-01,1,0,0,1
LA,2015,12,2015-12-01,9,9,0,0
LA,2016,2,2016-02-01,1,0,1,0
LA,2016,5,2016-05-01,6,0,6,0
LA,2017,2,2017-02-01,1,1,0,0
LA,2017,9,2017-09-01,1,0,1,0
LA,2018,3,2018-03-01,1,0,1,0
LA,2018,8,2018-08-01,1,1,0,0
LA,2019,4,2019-04-01,1,1,0,0
LA,2019,5,2019-05-01,2,0,0,2
LA,2019,6,2019-06-01,1,1,0,0
LA,2019,7,2019-07-01,1,0,1,0
LA,2020,2,2020-02-01,1,0,1,0
LA,2021,7,2021-07-01,1,0,1,0
LA,2022,3,2022-03-01,1,0,1,0
LA,2022,6,2022-06-01,5,0,5,0
LA,2023,6,2023-06-01,4,3,0,1
MA,2011,4,2011-04-01,1,0,0,1
MA,2012,4,2012-04-01,3,0,1,2
MA,2012,6,2012-06-01,5,0,5,0
MA,2012,7,2012-07-01,16,16,0,0
MA,2012,8,2012-08-01,9,2,7,0
MA,2012,9,2012-09-01,1,1,0,0
MA,2012,10,2012-10-01,4,2,1,1
MA,2012,11,2012-11-01,3,3,0,0
MA,2013,4,2013-04-01,2,2,0,0
MA,2013,5,2013-05-01,3,2,0,1
MA,2013,8,2013-08-01,1,1,0,0
MA,2013,9,2013-09-01,1,1,0,0
MA,2013,10,2013-10-01,6,6,0,0
MA,2013,11,2013-11-01,2,0,2,0
MA,2013,12,2013-12-01,3,0,3,0
MA,2014,2,2014-02-01,1,0,1,0
MA,2014,4,2014-04-01,27,2,25,0
MA,2014,5,2014-05-01,3,2,0,1
MA,2014,6,2014-06-01,2,2,0,0
MA,2014,7,2014-07-01,7,6,1,0
MA,2014,9,2014-09-01,2,1,1,0
MA,2014,10,2014-10-01,1,1,0,0
MA,2014,11,2014-11-01,1,1,0,0
MA,2015,1,2015-01-01,11,10,1,0
MA,2015,2,2015-02-01,3,3,0,0
MA,2015,3,2015-03-01,2,0,2,0
MA,2015,6,2015-06-01,1,0,0,1
MA,2015,7,2015-07-01,2,0,2,0
MA,2015,8,2015-08-01,1,1,0,0
MA,2015,9,2015-09-01,1,0,1,0
MA,2015,10,2015-10-01,13,13,0,0
MA,2015,11,2015-11-01,9,0,0,9
MA,2015,12,2015-12-01,11,0,11,0
MA,2016,1,2016-01-01,2,2,0,0
MA,2016,2,2016-02-01,73,2,71,0
MA,2016,3,2016-03-01,22,0,22,0
MA,2016,4,2016-04-01,3,2,1,0
MA,2016,5,2016-05-01,2,1,1,0
MA,2016,6,2016-06-01,4,3,1,0
MA,2016,7,2016-07-01,3,2,1,0
MA,2016,8,2016-08-01,2,0,2,0
MA,2016,9,2016-09-01,1,0,0,1
MA,2016,10,2016-10-01,2,2,0,0
MA,2016,11,2016-11-01,3,1,1,1
MA,2016,12,2016-12-01,1,1,0,0
MA,2017,1,2017-01-01,2,0,2,0
MA,2017,2,2017-02-01,3,2,1,0
MA,2017,3,2017-03-01,3,1,2,0
MA,2017,4,2017-04-01,2,2,0,0
MA,2017,5,2017-05-01,4,3,1,0
MA,2017,6,2017-06-01,102,4,41,57
MA,2017,7,2017-07-01,2,2,0,0
MA,2017,10,2017-10-01,7,0,7,0
MA,2017,11,2017-11-01,5,0,1,4
MA,2017,12,2017-12-01,19,19,0,0
MA,2018,1,2018-01-01,6,5,1,0
MA,2018,3,2018-03-01,1,0,1,0
MA,2018,4,2018-04-01,2,1,1,0
MA,2018,6,2018-06-01,1,0,1,0
MA,2018,7,2018-07-01,1,0,0,1
MA,2018,8,2018-08-01,3,0,3,0
MA,2018,9,2018-09-01,3,0,0,3
MA,2018,10,2018-10-01,6,1,5,0
MA,2018,12,2018-12-01,4,1,3,0
MA,2019,1,2019-01-01,3,1,2,0
MA,2019,2,2019-02-01,2,0,2,0
MA,2019,3,2019-03-01,2,0,2,0
MA,2019,4,2019-04-01,3,0,2,1
MA,2019,6,2019-06-01,330,0,330,0
MA,2019,7,2019-07-01,1,0,1,0
MA,2019,9,2019-09-01,1,0,1,0
MA,2019,10,2019-10-01,3,0,2,1
MA,2019,11,2019-11-01,24,24,0,0
MA,2019,12,2019-12-01,8,2,5,1
MA,2020,2,2020-02-01,1,0,1,0
MA,2020,3,2020-03-01,2,0,2,0
MA,2020,4,2020-04-01,2,0,2,0
MA,2020,5,2020-05-01,1,1,0,0
MA,2020,8,2020-08-01,2,0,2,0
MA,2020,9,2020-09-01,1,0,1,0
MA,2020,11,2020-11-01,2,0,2,0
MA,2021,4,2021-04-01,1,0,1,0
MA,2021,6,2021-06-01,1,0,1,0
MA,2021,10,2021-10-01,1,1,0,0
MA,2021,11,2021-11-01,3,0,3,0
MA,2021,12,2021-12-01,2,1,1,0
MA,2022,4,2022-04-01,1,0,1,0
MA,2022,5,2022-05-01,4,3,1,0
MA,2022,6,2022-06-01,1,1,0,0
MA,2022,8,2022-08-01,19,1,18,0
MA,2022,9,2022-09-01,1,1,0,0
MA,2022,10,2022-10-01,13,0,13,0
MA,2022,11,2022-11-01,1,1,0,0
MA,2023,1,2023-01-01,1,0,1,0
MA,2023,2,2023-02-01,2,0,2,0
MA,2023,3,2023-03-01,3,1,0,2
MA,2023,5,2023-05-01,9,3,6,0
MA,2023,6,2023-06-01,2,0,2,0
MA,2023,7,2023-07-01,2,0,2,0
MA,2023,10,2023-10-01,1,0,0,1
MA,2023,11,2023-11-01,3,1,2,0
MA,2023,12,2023-12-01,2,1,1,0
MA,2024,1,2024-01-01,1,1,0,0
MA,2024,7,2024-07-01,3,0,3,0
MA,2024,9,2024-09-01,2,1,1,0
MA,2024,10,2024-10-01,3,0,3,0
MA,2024,12,2024-12-01,1,0,1,0
MA,2025,1,2025-01-01,1,0,0,1
MA,2025,2,2025-02-01,1,1,0,0
MA,2025,4,2025-04-01,1,0,1,0
MA,2025,5,2025-05-01,2,2,0,0
MA,2025,8,2025-08-01,2,0,2,0
MA,2025,10,2025-10-01,1,1,0,0
MA,2025,11,2025-11-01,1,1,0,0
MA,2025,12,2025-12-01,2,1,1,0
MD,2010,11,2010-11-01,1,1,0,0
MD,2012,5,2012-05-01,2,2,0,0
MD,2012,6,2012-06-01,3,0,3,0
MD,2012,9,2012-09-01,7,4,3,0
MD,2012,10,2012-10-01,1,1,0,0
MD,2013,5,2013-05-01,1,0,1,0
MD,2013,7,2013-07-01,2,1,1,0
MD,2013,10,2013-10-01,5,0,5,0
MD,2014,2,2014-02-01,7,7,0,0
MD,2014,3,2014-03-01,1,0,1,0
MD,2014,4,2014-04-01,2,2,0,0
MD,2014,8,2014-08-01,1,1,0,0
MD,2014,12,2014-12-01,13,13,0,0
MD,2015,8,2015-08-01,3,0,3,0
MD,2015,9,2015-09-01,5,5,0,0
MD,2015,10,2015-10-01,1,0,1,0
MD,2016,5,2016-05-01,1,1,0,0
MD,2016,6,2016-06-01,2,2,0,0
MD,2016,7,2016-07-01,1,0,1,0
MD,2016,8,2016-08-01,4,0,4,0
MD,2016,9,2016-09-01,1,1,0,0
MD,2016,11,2016-11-01,1,0,1,0
MD,2016,12,2016-12-01,6,3,3,0
MD,2017,2,2017-02-01,2,1,1,0
MD,2017,6,2017-06-01,6,1,5,0
MD,2017,8,2017-08-01,36,1,35,0
MD,2017,10,2017-10-01,3,0,3,0
MD,2017,11,2017-11-01,1,0,0,1
MD,2017,12,2017-12-01,27,0,27,0
MD,2018,1,2018-01-01,1,0,0,1
MD,2018,2,2018-02-01,1,1,0,0
MD,2018,4,2018-04-01,2,0,2,0
MD,2018,7,2018-07-01,19,19,0,0
MD,2018,9,2018-09-01,1,1,0,0
MD,2018,10,2018-10-01,1,1,0,0
MD,2019,1,2019-01-01,2,2,0,0
MD,2019,3,2019-03-01,2,1,1,0
MD,2020,1,2020-01-01,1,1,0,0
MD,2020,2,2020-02-01,2,0,2,0
MD,2020,3,2020-03-01,1,0,1,0
MD,2020,5,2020-05-01,1,1,0,0
MD,2020,8,2020-08-01,1,1,0,0
MD,2020,9,2020-09-01,1,0,1,0
MD,2020,11,2020-11-01,1,0,1,0
MD,2021,1,2021-01-01,8,0,8,0
MD,2021,6,2021-06-01,1,1,0,0
MD,2021,7,2021-07-01,3,3,0,0
MD,2022,4,2022-04-01,6,0,6,0
MD,2022,5,2022-05-01,1,1,0,0
MD,2022,6,2022-06-01,1,1,0,0
MD,2022,8,2022-08-01,4,4,0,0
MD,2023,1,2023-01-01,2,1,1,0
MD,2023,2,2023-02-01,409,409,0,0
MD,2023,5,2023-05-01,8,7,1,0
MD,2023,7,2023-07-01,1,1,0,0
MD,2023,8,2023-08-01,1,0,1,0
MD,2023,9,2023-09-01,15,0,15,0
MD,2023,10,2023-10-01,1,0,1,0
MD,2023,11,2023-11-01,20,17,3,0
MD,2023,12,2023-12-01,2,2,0,0
MD,2024,3,2024-03-01,3,0,3,0
MD,2024,6,2024-06-01,68,1,67,0
MD,2024,10,2024-10-01,2,1,1,0
MD,2025,3,2025-03-01,1,0,1,0
MD,2025,4,2025-04-01,3,0,3,0
MD,2025,5,2025-05-01,13,13,0,0
MD,2025,8,2025-08-01,1,0,0,1
MD,2025,10,2025-10-01,1,0,1,0
MD,2025,12,2025-12-01,1,1,0,0
ME,2012,6,2012-06-01,1,1,0,0
ME,2012,7,2012-07-01,1,1,0,0
ME,2012,9,2012-09-01,21,21,0,0
ME,2012,10,2012-10-01,2,2,0,0
ME,2013,5,2013-05-01,3,2,1,0
ME,2014,1,2014-01-01,1,1,0,0
ME,2014,5,2014-05-01,3,0,3,0
ME,2014,10,2014-10-01,1,0,0,1
ME,2015,3,2015-03-01,1,0,1,0
ME,2015,7,2015-07-01,6,0,6,0
ME,2015,10,2015-10-01,3,0,3,0
ME,2015,11,2015-11-01,3,0,3,0
ME,2016,8,2016-08-01,2,0,2,0
ME,2016,12,2016-12-01,3,0,3,0
ME,2017,6,2017-06-01,10,0,10,0
ME,2017,9,2017-09-01,1,0,1,0
ME,2017,10,2017-10-01,1,1,0,0
ME,2017,12,2017-12-01,1,0,1,0
ME,2018,4,2018-04-01,1,1,0,0
ME,2019,3,2019-03-01,1,1,0,0
ME,2019,5,2019-05-01,1,1,0,0
ME,2019,11,2019-11-01,1,1,0,0
ME,2020,1,2020-01-01,1,1,0,0
ME,2020,3,2020-03-01,1,0,1,0
ME,2020,4,2020-04-01,1,0,1,0
ME,2020,7,2020-07-01,1,1,0,0
ME,2020,8,2020-08-01,1,0,1,0
ME,2021,1,2021-01-01,1,1,0,0
ME,2021,3,2021-03-01,1,1,0,0
ME,2021,8,2021-08-01,1,0,1,0
ME,2021,10,2021-10-01,1,1,0,0
ME,2022,6,2022-06-01,1,1,0,0
ME,2022,12,2022-12-01,7,0,7,0
ME,2023,5,2023-05-01,2,1,1,0
ME,2023,8,2023-08-01,1,1,0,0
ME,2023,10,2023-10-01,1,1,0,0
ME,2023,11,2023-11-01,1,0,1,0
ME,2024,1,2024-01-01,1,0,1,0
ME,2024,3,2024-03-01,1,1,0,0
ME,2025,6,2025-06-01,1,0,1,0
ME,2025,9,2025-09-01,1,0,0,1
ME,2025,10,2025-10-01,1,1,0,0
MI,2012,4,2012-04-01,4,0,4,0
MI,2012,5,2012-05-01,30,7,21,2
MI,2012,6,2012-06-01,6,0,1,5
MI,2012,7,2012-07-01,30,13,17,0
MI,2012,8,2012-08-01,5,2,2,1
MI,2012,9,2012-09-01,139,0,139,0
MI,2012,10,2012-10-01,5,1,4,0
MI,2012,11,2012-11-01,50,0,47,3
MI,2012,12,2012-12-01,3,1,1,1
MI,2013,1,2013-01-01,1,1,0,0
MI,2013,2,2013-02-01,1,0,1,0
MI,2013,3,2013-03-01,3,0,3,0
MI,2013,4,2013-04-01,30,0,27,3
MI,2013,5,2013-05-01,1,1,0,0
MI,2013,6,2013-06-01,56,52,4,0
MI,2013,7,2013-07-01,1,1,0,0
MI,2013,8,2013-08-01,1,1,0,0
MI,2013,10,2013-10-01,3,2,1,0
MI,2014,1,2014-01-01,7,5,2,0
MI,2014,3,2014-03-01,121,1,120,0
MI,2014,4,2014-04-01,1,0,1,0
MI,2014,5,2014-05-01,236,0,236,0
MI,2014,7,2014-07-01,1,0,1,0
MI,2014,10,2014-10-01,2,0,2,0
MI,2014,11,2014-11-01,5,1,4,0
MI,2014,12,2014-12-01,8,2,5,1
MI,2015,1,2015-01-01,2,0,2,0
MI,2015,2,2015-02-01,1,1,0,0
MI,2015,7,2015-07-01,1,0,1,0
MI,2015,8,2015-08-01,17,1,16,0
MI,2015,9,2015-09-01,3,0,3,0
MI,2015,10,2015-10-01,12,0,12,0
MI,2015,12,2015-12-01,5,0,5,0
MI,2016,1,2016-01-01,1,1,0,0
MI,2016,2,2016-02-01,8,7,1,0
MI,2016,3,2016-03-01,9,0,9,0
MI,2016,4,2016-04-01,2,0,1,1
MI,2016,5,2016-05-01,8,8,0,0
MI,2016,6,2016-06-01,23,1,22,0
MI,2016,7,2016-07-01,16,13,3,0
MI,2016,8,2016-08-01,10,10,0,0
MI,2016,9,2016-09-01,8,0,8,0
MI,2016,10,2016-10-01,22,11,11,0
MI,2016,11,2016-11-01,4,4,0,0
MI,2016,12,2016-12-01,9,5,4,0
MI,2017,1,2017-01-01,3,0,3,0
MI,2017,2,2017-02-01,26,25,1,0
MI,2017,3,2017-03-01,1,1,0,0
MI,2017,5,2017-05-01,3,0,3,0
MI,2017,6,2017-06-01,2,0,0,2
MI,2017,8,2017-08-01,19,0,18,1
MI,2017,10,2017-10-01,45,11,33,1
MI,2017,11,2017-11-01,14,1,12,1
MI,2017,12,2017-12-01,17,17,0,0
MI,2018,1,2018-01-01,1,1,0,0
MI,2018,2,2018-02-01,6,0,6,0
MI,2018,4,2018-04-01,26,1,25,0
MI,2018,5,2018-05-01,2,0,2,0
MI,2018,6,2018-06-01,2,2,0,0
MI,2018,7,2018-07-01,13,2,11,0
MI,2018,8,2018-08-01,1,0,1,0
MI,2018,10,2018-10-01,33,2,31,0
MI,2018,11,2018-11-01,3,2,1,0
MI,2018,12,2018-12-01,4,4,0,0
MI,2019,1,2019-01-01,2,0,2,0
MI,2019,2,2019-02-01,2,0,2,0
MI,2019,3,2019-03-01,1,0,1,0
MI,2019,6,2019-06-01,2,1,1,0
MI,2019,7,2019-07-01,1,1,0,0
MI,2019,8,2019-08-01,1,0,1,0
MI,2019,9,2019-09-01,7,7,0,0
MI,2019,10,2019-10-01,6,6,0,0
MI,2019,11,2019-11-01,5,3,2,0
MI,2019,12,2019-12-01,8,6,2,0
MI,2020,1,2020-01-01,32,32,0,0
MI,2020,2,2020-02-01,1,0,1,0
MI,2020,3,2020-03-01,2,0,2,0
MI,2020,7,2020-07-01,2,0,2,0
MI,2020,8,2020-08-01,4,2,2,0
MI,2020,9,2020-09-01,1,1,0,0
MI,2020,10,2020-10-01,12,12,0,0
MI,2020,12,2020-12-01,2,1,0,1
MI,2021,2,2021-02-01,3,2,1,0
MI,2021,3,2021-03-01,4,3,1,0
MI,2021,5,2021-05-01,8,0,8,0
MI,2021,7,2021-07-01,1,1,0,0
MI,2021,8,2021-08-01,1,0,1,0
MI,2021,10,2021-10-01,3,0,3,0
MI,2021,12,2021-12-01,1,1,0,0
MI,2022,1,2022-01-01,11,0,11,0
MI,2022,5,2022-05-01,4,0,4,0
MI,2022,6,2022-06-01,3,2,1,0
MI,2022,7,2022-07-01,1,0,1,0
MI,2022,8,2022-08-01,6,1,1,4
MI,2022,9,2022-09-01,10,10,0,0
MI,2022,10,2022-10-01,5,2,3,0
MI,2022,12,2022-12-01,8,0,8,0
MI,2023,2,2023-02-01,1,1,0,0
MI,2023,3,2023-03-01,1,1,0,0
MI,2023,4,2023-04-01,20,18,2,0
MI,2023,5,2023-05-01,3,2,1,0
MI,2023,6,2023-06-01,10,0,10,0
MI,2023,8,2023-08-01,3,0,2,1
MI,2023,9,2023-09-01,3,1,2,0
MI,2023,11,2023-11-01,5,0,5,0
MI,2024,2,2024-02-01,1,0,1,0
MI,2024,3,2024-03-01,1,1,0,0
MI,2024,4,2024-04-01,4,1,3,0
MI,2024,5,2024-05-01,1,1,0,0
MI,2024,6,2024-06-01,3,0,3,0
MI,2024,8,2024-08-01,1,1,0,0
MI,2024,11,2024-11-01,1,0,1,0
MI,2025,4,2025-04-01,4,0,4,0
MI,2025,5,2025-05-01,3,3,0,0
MI,2025,6,2025-06-01,9,1,7,1
MI,2025,7,2025-07-01,1,0,1,0
MI,2025,9,2025-09-01,2,2,0,0
MI,2025,11,2025-11-01,2,1,1,0
MI,2025,12,2025-12-01,3,1,2,0
MN,2010,12,2010-12-01,1,0,1,0
MN,2012,8,2012-08-01,3,2,1,0
MN,2012,9,2012-09-01,19,18,1,0
MN,2012,10,2012-10-01,2,2,0,0
MN,2012,11,2012-11-01,1,1,0,0
MN,2012,12,2012-12-01,1,0,1,0
MN,2013,2,2013-02-01,8,1,7,0
MN,2013,5,2013-05-01,5,1,4,0
MN,2013,6,2013-06-01,12,12,0,0
MN,2013,7,2013-07-01,2,0,2,0
MN,2013,8,2013-08-01,1,0,1,0
MN,2013,9,2013-09-01,1,0,1,0
MN,2013,10,2013-10-01,1,1,0,0
MN,2014,1,2014-01-01,1,0,1,0
MN,2014,2,2014-02-01,1,0,0,1
MN,2014,3,2014-03-01,43,36,7,0
MN,2014,5,2014-05-01,2,1,1,0
MN,2014,6,2014-06-01,13,0,12,1
MN,2014,7,2014-07-01,2,0,1,1
MN,2014,8,2014-08-01,2,0,2,0
MN,2014,10,2014-10-01,1,0,1,0
MN,2014,11,2014-11-01,5,3,0,2
MN,2014,12,2014-12-01,1,1,0,0
MN,2015,1,2015-01-01,1,1,0,0
MN,2015,2,2015-02-01,13,12,1,0
MN,2015,3,2015-03-01,2,1,0,1
MN,2015,4,2015-04-01,2,1,1,0
MN,2015,5,2015-05-01,1,1,0,0
MN,2015,6,2015-06-01,1,0,1,0
MN,2015,7,2015-07-01,4,4,0,0
MN,2015,8,2015-08-01,3,0,3,0
MN,2015,10,2015-10-01,11,0,11,0
MN,2015,11,2015-11-01,1,1,0,0
MN,2016,2,2016-02-01,16,16,0,0
MN,2016,3,2016-03-01,1,1,0,0
MN,2016,5,2016-05-01,27,26,1,0
MN,2016,6,2016-06-01,7,6,1,0
MN,2016,7,2016-07-01,23,21,2,0
MN,2016,8,2016-08-01,1,0,1,0
MN,2016,9,2016-09-01,1,0,1,0
MN,2016,11,2016-11-01,1,0,1,0
MN,2016,12,2016-12-01,5,5,0,0
MN,2017,1,2017-01-01,1,1,0,0
MN,2017,2,2017-02-01,9,0,9,0
MN,2017,3,2017-03-01,75,0,75,0
MN,2017,4,2017-04-01,14,0,14,0
MN,2017,5,2017-05-01,1,0,1,0
MN,2017,6,2017-06-01,1,0,0,1
MN,2017,7,2017-07-01,2,1,1,0
MN,2017,8,2017-08-01,4,1,3,0
MN,2017,9,2017-09-01,2,0,2,0
MN,2017,10,2017-10-01,2,2,0,0
MN,2018,1,2018-01-01,1,0,1,0
MN,2018,3,2018-03-01,215,3,211,1
MN,2018,4,2018-04-01,1,1,0,0
MN,2018,7,2018-07-01,4,0,4,0
MN,2018,10,2018-10-01,10,1,8,1
MN,2018,11,2018-11-01,1,0,1,0
MN,2018,12,2018-12-01,3,1,1,1
MN,2019,1,2019-01-01,1,0,1,0
MN,2019,2,2019-02-01,2,0,2,0
MN,2019,9,2019-09-01,2,1,1,0
MN,2019,10,2019-10-01,17,17,0,0
MN,2019,11,2019-11-01,19,16,3,0
MN,2019,12,2019-12-01,2,2,0,0
MN,2020,1,2020-01-01,2,0,2,0
MN,2020,6,2020-06-01,1,0,1,0
MN,2020,7,2020-07-01,1,0,1,0
MN,2020,8,2020-08-01,2,1,1,0
MN,2020,9,2020-09-01,1,0,1,0
MN,2020,10,2020-10-01,1,1,0,0
MN,2020,12,2020-12-01,2,1,1,0
MN,2021,2,2021-02-01,12,0,11,1
MN,2021,3,2021-03-01,2,0,2,0
MN,2021,4,2021-04-01,1,0,1,0
MN,2021,5,2021-05-01,4,0,4,0
MN,2021,9,2021-09-01,5,5,0,0
MN,2021,10,2021-10-01,2,1,1,0
MN,2021,12,2021-12-01,1,0,1,0
MN,2022,1,2022-01-01,1,0,1,0
MN,2022,3,2022-03-01,1,0,1,0
MN,2022,5,2022-05-01,4,4,0,0
MN,2022,6,2022-06-01,2,0,1,1
MN,2022,7,2022-07-01,37,0,37,0
MN,2022,9,2022-09-01,2,0,0,2
MN,2022,10,2022-10-01,1,1,0,0
MN,2022,12,2022-12-01,1,0,1,0
MN,2023,3,2023-03-01,22,0,22,0
MN,2023,4,2023-04-01,2,2,0,0
MN,2023,5,2023-05-01,1,1,0,0
MN,2023,6,2023-06-01,22,17,5,0
MN,2023,8,2023-08-01,13,0,8,5
MN,2023,9,2023-09-01,1,1,0,0
MN,2023,10,2023-10-01,2,0,2,0
MN,2023,11,2023-11-01,15,15,0,0
MN,2023,12,2023-12-01,2,0,1,1
MN,2024,1,2024-01-01,1,0,1,0
MN,2024,3,2024-03-01,1,0,0,1
MN,2024,7,2024-07-01,6,5,1,0
MN,2024,8,2024-08-01,1,0,1,0
MN,2024,9,2024-09-01,1,0,1,0
MN,2024,11,2024-11-01,5,0,5,0
MN,2024,12,2024-12-01,7,6,1,0
MN,2025,1,2025-01-01,1,0,1,0
MN,2025,2,2025-02-01,2,1,1,0
MN,2025,5,2025-05-01,2,1,1,0
MN,2025,6,2025-06-01,3,0,3,0
MN,2025,7,2025-07-01,1,0,0,1
MN,2025,8,2025-08-01,2,0,2,0
MN,2025,9,2025-09-01,13,11,2,0
MN,2025,10,2025-10-01,2,0,2,0
MN,2025,12,2025-12-01,3,2,1,0
MO,2012,5,2012-05-01,4,0,4,0
MO,2012,6,2012-06-01,1,0,1,0
MO,2012,7,2012-07-01,19,19,0,0
MO,2012,8,2012-08-01,1,0,1,0
MO,2012,10,2012-10-01,2,2,0,0
MO,2013,1,2013-01-01,1,1,0,0
MO,2013,7,2013-07-01,1,0,0,1
MO,2013,10,2013-10-01,82,0,82,0
MO,2014,1,2014-01-01,1,0,1,0
MO,2014,4,2014-04-01,1,1,0,0
MO,2014,5,2014-05-01,2,2,0,0
MO,2014,6,2014-06-01,2,0,2,0
MO,2014,8,2014-08-01,3,0,0,3
MO,2014,12,2014-12-01,10,10,0,0
MO,2015,1,2015-01-01,3,3,0,0
MO,2015,4,2015-04-01,5,1,4,0
MO,2015,6,2015-06-01,34,0,34,0
MO,2015,9,2015-09-01,2,2,0,0
MO,2015,10,2015-10-01,3,0,3,0
MO,2016,1,2016-01-01,1,1,0,0
MO,2016,2,2016-02-01,3,1,1,1
MO,2016,3,2016-03-01,1,0,1,0
MO,2016,4,2016-04-01,1,0,1,0
MO,2016,6,2016-06-01,12,0,12,0
MO,2016,7,2016-07-01,1,0,0,1
MO,2016,9,2016-09-01,1,0,1,0
MO,2016,10,2016-10-01,1,1,0,0
MO,2016,11,2016-11-01,2,0,2,0
MO,2017,1,2017-01-01,1,0,1,0
MO,2017,3,2017-03-01,1,0,1,0
MO,2017,6,2017-06-01,14,6,8,0
MO,2017,8,2017-08-01,3,2,1,0
MO,2018,1,2018-01-01,2,2,0,0
MO,2018,2,2018-02-01,3,0,3,0
MO,2018,8,2018-08-01,1,0,1,0
MO,2018,9,2018-09-01,1,0,1,0
MO,2018,10,2018-10-01,1,0,1,0
MO,2018,12,2018-12-01,1,1,0,0
MO,2019,1,2019-01-01,10,10,0,0
MO,2019,5,2019-05-01,23,0,23,0
MO,2019,8,2019-08-01,1,0,1,0
MO,2019,10,2019-10-01,5,0,2,3
MO,2019,12,2019-12-01,6,6,0,0
MO,2020,2,2020-02-01,3,0,3,0
MO,2020,7,2020-07-01,1,0,1,0
MO,2020,9,2020-09-01,2,0,2,0
MO,2020,10,2020-10-01,2,2,0,0
MO,2020,12,2020-12-01,1,0,0,1
MO,2021,6,2021-06-01,2,2,0,0
MO,2021,7,2021-07-01,2,0,2,0
MO,2021,8,2021-08-01,2,0,2,0
MO,2022,5,2022-05-01,9,1,8,0
MO,2022,6,2022-06-01,1,0,1,0
MO,2022,7,2022-07-01,1,1,0,0
MO,2022,9,2022-09-01,1,1,0,0
MO,2023,2,2023-02-01,1,0,1,0
MO,2023,3,2023-03-01,1,0,0,1
MO,2023,4,2023-04-01,21,1,20,0
MO,2023,5,2023-05-01,3,0,0,3
MO,2023,6,2023-06-01,3,0,3,0
MO,2023,12,2023-12-01,6,0,6,0
MO,2024,4,2024-04-01,2,0,0,2
MO,2024,8,2024-08-01,1,0,1,0
MO,2024,11,2024-11-01,1,1,0,0
MO,2025,1,2025-01-01,1,0,1,0
MO,2025,2,2025-02-01,1,0,1,0
MO,2025,6,2025-06-01,2,0,2,0
MO,2025,7,2025-07-01,2,0,2,0
MO,2025,10,2025-10-01,1,0,1,0
MS,2016,5,2016-05-01,26,25,1,0
MS,2018,4,2018-04-01,1,1,0,0
MS,2018,5,2018-05-01,1,0,1,0
MS,2020,1,2020-01-01,8,0,8,0
MS,2021,8,2021-08-01,1,0,0,1
MS,2022,2,2022-02-01,1,0,1,0
MS,2022,9,2022-09-01,1,0,1,0
MS,2023,1,2023-01-01,1,0,1,0
MS,2024,7,2024-07-01,2,0,0,2
MS,2025,10,2025-10-01,1,0,1,0
MT,2014,5,2014-05-01,2,0,0,2
MT,2015,4,2015-04-01,1,0,0,1
MT,2016,7,2016-07-01,3,0,3,0
MT,2016,12,2016-12-01,7,0,7,0
MT,2018,8,2018-08-01,1,0,1,0
MT,2018,9,2018-09-01,1,0,1,0
MT,2019,12,2019-12-01,3,0,3,0
MT,2021,11,2021-11-01,1,1,0,0
MT,2022,5,2022-05-01,1,0,1,0
NC,2012,5,2012-05-01,1,0,1,0
NC,2012,7,2012-07-01,2,2,0,0
NC,2012,8,2012-08-01,2,0,2,0
NC,2012,9,2012-09-01,13,12,1,0
NC,2013,4,2013-04-01,3,1,2,0
NC,2013,5,2013-05-01,1,1,0,0
NC,2013,7,2013-07-01,2,0,2,0
NC,2013,8,2013-08-01,2,0,2,0
NC,2013,12,2013-12-01,1,0,1,0
NC,2014,3,2014-03-01,2,2,0,0
NC,2014,4,2014-04-01,1,0,0,1
NC,2014,5,2014-05-01,1,0,0,1
NC,2014,8,2014-08-01,9,0,9,0
NC,2014,10,2014-10-01,124,122,1,1
NC,2014,12,2014-12-01,2,0,2,0
NC,2015,3,2015-03-01,1,0,1,0
NC,2015,9,2015-09-01,2,0,2,0
NC,2015,10,2015-10-01,18,9,9,0
NC,2015,12,2015-12-01,2,0,1,1
NC,2016,4,2016-04-01,5,0,5,0
NC,2016,5,2016-05-01,9,9,0,0
NC,2016,6,2016-06-01,2,1,1,0
NC,2016,7,2016-07-01,13,13,0,0
NC,2016,8,2016-08-01,2,2,0,0
NC,2016,9,2016-09-01,11,0,11,0
NC,2016,10,2016-10-01,1,0,0,1
NC,2016,12,2016-12-01,10,3,7,0
NC,2017,1,2017-01-01,2,0,1,1
NC,2017,7,2017-07-01,1,1,0,0
NC,2017,8,2017-08-01,1,0,1,0
NC,2017,10,2017-10-01,1,0,1,0
NC,2017,11,2017-11-01,3,3,0,0
NC,2017,12,2017-12-01,3,0,3,0
NC,2018,2,2018-02-01,1,0,1,0
NC,2018,3,2018-03-01,3,0,1,2
NC,2018,5,2018-05-01,2,2,0,0
NC,2018,6,2018-06-01,3,2,0,1
NC,2018,7,2018-07-01,2,1,1,0
NC,2018,8,2018-08-01,1,0,1,0
NC,2018,9,2018-09-01,4,0,4,0
NC,2018,10,2018-10-01,2,1,1,0
NC,2018,11,2018-11-01,102,1,101,0
NC,2019,6,2019-06-01,1,0,1,0
NC,2019,8,2019-08-01,2,0,1,1
NC,2019,9,2019-09-01,1,1,0,0
NC,2019,10,2019-10-01,4,0,4,0
NC,2019,12,2019-12-01,4,2,2,0
NC,2020,1,2020-01-01,1,1,0,0
NC,2020,2,2020-02-01,1,0,1,0
NC,2020,3,2020-03-01,1,1,0,0
NC,2020,4,2020-04-01,1,0,1,0
NC,2020,8,2020-08-01,4,0,3,1
NC,2021,1,2021-01-01,1,0,0,1
NC,2021,3,2021-03-01,32,32,0,0
NC,2021,4,2021-04-01,5,0,5,0
NC,2021,11,2021-11-01,3,0,3,0
NC,2021,12,2021-12-01,3,0,3,0
NC,2022,4,2022-04-01,1,1,0,0
NC,2022,5,2022-05-01,1,0,0,1
NC,2022,6,2022-06-01,17,2,6,9
NC,2023,4,2023-04-01,4,2,2,0
NC,2023,5,2023-05-01,2,0,2,0
NC,2023,6,2023-06-01,1,0,1,0
NC,2023,11,2023-11-01,1,0,1,0
NC,2023,12,2023-12-01,1,0,1,0
NC,2024,1,2024-01-01,5,0,5,0
NC,2024,3,2024-03-01,16,4,2,10
NC,2024,5,2024-05-01,1,1,0,0
NC,2024,7,2024-07-01,1,0,1,0
NC,2024,8,2024-08-01,3,0,3,0
NC,2024,9,2024-09-01,2,0,2,0
NC,2024,10,2024-10-01,4,0,4,0
NC,2024,12,2024-12-01,2,2,0,0
NC,2025,5,2025-05-01,1,1,0,0
NC,2025,6,2025-06-01,1,1,0,0
NC,2025,9,2025-09-01,4,2,2,0
NC,2025,11,2025-11-01,1,1,0,0
NC,2025,12,2025-12-01,1,0,1,0
NC,2026,1,2026-01-01,1,0,1,0
ND,2012,7,2012-07-01,30,3,26,1
ND,2012,8,2012-08-01,1,1,0,0
ND,2012,9,2012-09-01,1,1,0,0
ND,2012,10,2012-10-01,1,0,0,1
ND,2013,2,2013-02-01,53,1,52,0
ND,2013,9,2013-09-01,1,0,0,1
ND,2014,3,2014-03-01,1,1,0,0
ND,2014,7,2014-07-01,1,1,0,0
ND,2014,8,2014-08-01,1,1,0,0
ND,2015,5,2015-05-01,1,1,0,0
ND,2015,6,2015-06-01,1,1,0,0
ND,2015,11,2015-11-01,1,1,0,0
ND,2016,1,2016-01-01,1,1,0,0
ND,2016,3,2016-03-01,1,0,1,0
ND,2016,7,2016-07-01,1,1,0,0
ND,2018,4,2018-04-01,1,0,1,0
ND,2018,9,2018-09-01,1,0,1,0
ND,2018,12,2018-12-01,2,2,0,0
ND,2019,10,2019-10-01,1,0,1,0
ND,2020,1,2020-01-01,1,0,1,0
ND,2021,6,2021-06-01,1,0,1,0
ND,2022,1,2022-01-01,1,0,1,0
ND,2022,3,2022-03-01,1,0,1,0
ND,2022,7,2022-07-01,1,0,1,0
NE,2013,1,2013-01-01,1,0,1,0
NE,2013,2,2013-02-01,4,0,4,0
NE,2013,3,2013-03-01,3,3,0,0
NE,2013,4,2013-04-01,1,1,0,0
NE,2013,5,2013-05-01,7,1,6,0
NE,2013,8,2013-08-01,6,1,0,5
NE,2013,9,2013-09-01,10,1,9,0
NE,2013,12,2013-12-01,1,0,1,0
NE,2014,10,2014-10-01,1,1,0,0
NE,2015,4,2015-04-01,1,1,0,0
NE,2015,7,2015-07-01,2,2,0,0
NE,2015,10,2015-10-01,1,1,0,0
NE,2016,2,2016-02-01,2,1,1,0
NE,2016,5,2016-05-01,5,4,0,1
NE,2016,7,2016-07-01,10,10,0,0
NE,2017,3,2017-03-01,1,0,1,0
NE,2017,6,2017-06-01,1,0,1,0
NE,2017,7,2017-07-01,4,0,4,0
NE,2018,7,2018-07-01,1,1,0,0
NE,2018,9,2018-09-01,1,0,1,0
NE,2018,10,2018-10-01,2,0,2,0
NE,2018,12,2018-12-01,1,0,1,0
NE,2019,11,2019-11-01,1,0,1,0
NE,2020,8,2020-08-01,2,0,2,0
NE,2021,7,2021-07-01,1,0,1,0
NE,2022,1,2022-01-01,1,0,1,0
NE,2022,12,2022-12-01,1,1,0,0
NE,2023,11,2023-11-01,2,0,2,0
NE,2024,4,2024-04-01,1,0,1,0
NE,2024,11,2024-11-01,2,1,1,0
NE,2025,12,2025-12-01,1,0,1,0
NH,2012,5,2012-05-01,1,0,1,0
NH,2013,3,2013-03-01,1,1,0,0
NH,2013,5,2013-05-01,1,0,1,0
NH,2013,8,2013-08-01,1,0,1,0
NH,2013,11,2013-11-01,6,0,6,0
NH,2013,12,2013-12-01,1,0,1,0
NH,2014,1,2014-01-01,5,5,0,0
NH,2014,4,2014-04-01,3,0,3,0
NH,2015,1,2015-01-01,2,2,0,0
NH,2016,4,2016-04-01,2,0,2,0
NH,2017,5,2017-05-01,1,1,0,0
NH,2017,6,2017-06-01,186,0,186,0
NH,2017,10,2017-10-01,1,1,0,0
NH,2017,11,2017-11-01,22,22,0,0
NH,2019,5,2019-05-01,1,0,1,0
NH,2019,8,2019-08-01,3,0,3,0
NH,2020,2,2020-02-01,1,0,1,0
NH,2020,3,2020-03-01,1,0,1,0
NH,2020,8,2020-08-01,1,0,1,0
NH,2022,4,2022-04-01,1,0,1,0
NH,2022,6,2022-06-01,15,0,15,0
NH,2023,7,2023-07-01,8,0,8,0
NH,2025,4,2025-04-01,1,0,1,0
NH,2025,8,2025-08-01,1,1,0,0
NJ,212,12,212-12-01,1,0,1,0
NJ,2012,3,2012-03-01,9,4,5,0
NJ,2012,4,2012-04-01,10,8,1,1
NJ,2012,5,2012-05-01,21,0,12,9
NJ,2012,6,2012-06-01,3,0,1,2
NJ,2012,7,2012-07-01,3,3,0,0
NJ,2012,8,2012-08-01,63,63,0,0
NJ,2012,9,2012-09-01,14,0,14,0
NJ,2012,10,2012-10-01,5,2,0,3
NJ,2012,11,2012-11-01,2,1,0,1
NJ,2012,12,2012-12-01,11,0,11,0
NJ,2013,1,2013-01-01,5,1,3,1
NJ,2013,2,2013-02-01,3,1,2,0
NJ,2013,3,2013-03-01,17,5,9,3
NJ,2013,4,2013-04-01,19,0,19,0
NJ,2013,5,2013-05-01,3,0,3,0
NJ,2013,6,2013-06-01,4,2,1,1
NJ,2013,7,2013-07-01,2,1,0,1
NJ,2013,8,2013-08-01,2,2,0,0
NJ,2013,9,2013-09-01,1,1,0,0
NJ,2013,10,2013-10-01,17,1,8,8
NJ,2013,11,2013-11-01,3,2,1,0
NJ,2013,12,2013-12-01,6,1,4,1
NJ,2014,1,2014-01-01,3,2,1,0
NJ,2014,2,2014-02-01,6,2,3,1
NJ,2014,3,2014-03-01,9,5,4,0
NJ,2014,4,2014-04-01,2,0,1,1
NJ,2014,6,2014-06-01,5,0,2,3
NJ,2014,7,2014-07-01,3,1,1,1
NJ,2014,8,2014-08-01,10,0,10,0
NJ,2014,9,2014-09-01,5,2,2,1
NJ,2014,10,2014-10-01,5,1,4,0
NJ,2014,11,2014-11-01,12,8,1,3
NJ,2014,12,2014-12-01,4,3,1,0
NJ,2015,1,2015-01-01,31,9,22,0
NJ,2015,2,2015-02-01,15,8,7,0
NJ,2015,3,2015-03-01,16,2,13,1
NJ,2015,4,2015-04-01,4,2,1,1
NJ,2015,5,2015-05-01,1,0,1,0
NJ,2015,6,2015-06-01,3,2,1,0
NJ,2015,7,2015-07-01,3,2,1,0
NJ,2015,8,2015-08-01,4,2,2,0
NJ,2015,9,2015-09-01,3,2,1,0
NJ,2015,10,2015-10-01,2,1,1,0
NJ,2015,11,2015-11-01,13,1,11,1
NJ,2015,12,2015-12-01,10,5,3,2
NJ,2016,1,2016-01-01,4,2,2,0
NJ,2016,2,2016-02-01,63,4,59,0
NJ,2016,3,2016-03-01,7,1,5,1
NJ,2016,4,2016-04-01,10,0,10,0
NJ,2016,5,2016-05-01,36,35,1,0
NJ,2016,6,2016-06-01,19,1,18,0
NJ,2016,7,2016-07-01,2,1,1,0
NJ,2016,8,2016-08-01,24,1,21,2
NJ,2016,9,2016-09-01,1,1,0,0
NJ,2016,10,2016-10-01,4,3,1,0
NJ,2016,11,2016-11-01,3,1,2,0
NJ,2016,12,2016-12-01,8,5,3,0
NJ,2017,2,2017-02-01,1,0,1,0
NJ,2017,3,2017-03-01,4,2,2,0
NJ,2017,4,2017-04-01,4,3,1,0
NJ,2017,5,2017-05-01,34,6,28,0
NJ,2017,6,2017-06-01,10,9,1,0
NJ,2017,7,2017-07-01,1,0,1,0
NJ,2017,9,2017-09-01,7,0,7,0
NJ,2017,10,2017-10-01,7,6,1,0
NJ,2017,11,2017-11-01,1,0,1,0
NJ,2017,12,2017-12-01,14,3,11,0
NJ,2018,1,2018-01-01,1,0,1,0
NJ,2018,3,2018-03-01,3,0,3,0
NJ,2018,6,2018-06-01,2,1,1,0
NJ,2018,7,2018-07-01,14,0,13,1
NJ,2018,8,2018-08-01,1,0,1,0
NJ,2018,9,2018-09-01,1,0,1,0
NJ,2018,10,2018-10-01,2,0,2,0
NJ,2019,1,2019-01-01,1,1,0,0
NJ,2019,2,2019-02-01,2,2,0,0
NJ,2019,4,2019-04-01,3,0,3,0
NJ,2019,5,2019-05-01,1,1,0,0
NJ,2019,9,2019-09-01,3,0,3,0
NJ,2019,11,2019-11-01,2,0,2,0
NJ,2019,12,2019-12-01,8,8,0,0
NJ,2020,2,2020-02-01,1,0,1,0
NJ,2020,4,2020-04-01,2,0,2,0
NJ,2020,5,2020-05-01,1,1,0,0
NJ,2020,6,2020-06-01,3,0,2,1
NJ,2020,8,2020-08-01,2,0,2,0
NJ,2020,9,2020-09-01,2,2,0,0
NJ,2020,10,2020-10-01,3,2,1,0
NJ,2020,12,2020-12-01,3,2,1,0
NJ,2021,1,2021-01-01,2,0,2,0
NJ,2021,2,2021-02-01,3,3,0,0
NJ,2021,3,2021-03-01,3,2,1,0
NJ,2021,4,2021-04-01,7,1,6,0
NJ,2021,5,2021-05-01,26,0,26,0
NJ,2021,8,2021-08-01,2,1,1,0
NJ,2021,9,2021-09-01,4,3,0,1
NJ,2021,10,2021-10-01,20,0,20,0
NJ,2021,11,2021-11-01,1,1,0,0
NJ,2022,2,2022-02-01,4,3,1,0
NJ,2022,4,2022-04-01,4,2,2,0
NJ,2022,5,2022-05-01,7,4,3,0
NJ,2022,7,2022-07-01,2,1,0,1
NJ,2022,8,2022-08-01,3,2,1,0
NJ,2022,9,2022-09-01,4,0,3,1
NJ,2022,10,2022-10-01,2,2,0,0
NJ,2022,12,2022-12-01,1,0,1,0
NJ,2023,1,2023-01-01,18,1,1,16
NJ,2023,2,2023-02-01,4,0,0,4
NJ,2023,3,2023-03-01,2,1,1,0
NJ,2023,4,2023-04-01,2,0,2,0
NJ,2023,5,2023-05-01,2,1,1,0
NJ,2023,6,2023-06-01,3,0,3,0
NJ,2023,7,2023-07-01,6,0,6,0
NJ,2023,8,2023-08-01,3,0,3,0
NJ,2023,9,2023-09-01,2,0,2,0
NJ,2023,10,2023-10-01,4,3,0,1
NJ,2023,11,2023-11-01,1,1,0,0
NJ,2023,12,2023-12-01,5,1,3,1
NJ,2024,1,2024-01-01,2,0,2,0
NJ,2024,2,2024-02-01,3,0,2,1
NJ,2024,3,2024-03-01,3,2,1,0
NJ,2024,5,2024-05-01,1,0,1,0
NJ,2024,6,2024-06-01,1,1,0,0
NJ,2024,7,2024-07-01,3,0,3,0
NJ,2024,8,2024-08-01,16,9,7,0
NJ,2024,9,2024-09-01,1,1,0,0
NJ,2024,10,2024-10-01,2,0,2,0
NJ,2024,11,2024-11-01,6,3,3,0
NJ,2024,12,2024-12-01,4,2,1,1
NJ,2025,1,2025-01-01,3,2,1,0
NJ,2025,2,2025-02-01,4,1,3,0
NJ,2025,3,2025-03-01,1,0,0,1
NJ,2025,4,2025-04-01,4,1,3,0
NJ,2025,5,2025-05-01,1,0,1,0
NJ,2025,6,2025-06-01,5,4,1,0
NJ,2025,7,2025-07-01,8,0,8,0
NJ,2025,8,2025-08-01,1,0,0,1
NJ,2025,9,2025-09-01,53,52,1,0
NJ,2025,10,2025-10-01,5,4,1,0
NJ,2025,11,2025-11-01,12,9,3,0
NJ,2025,12,2025-12-01,1,0,1,0
NM,2012,9,2012-09-01,188,188,0,0
NM,2012,10,2012-10-01,32,32,0,0
NM,2013,4,2013-04-01,7,7,0,0
NM,2013,11,2013-11-01,8,0,8,0
NM,2013,12,2013-12-01,39,0,39,0
NM,2014,10,2014-10-01,7,0,7,0
NM,2015,3,2015-03-01,1,1,0,0
NM,2016,6,2016-06-01,1,1,0,0
NM,2016,10,2016-10-01,8,0,8,0
NM,2016,12,2016-12-01,1,1,0,0
NM,2017,1,2017-01-01,1,0,1,0
NM,2017,5,2017-05-01,2,2,0,0
NM,2017,12,2017-12-01,1,0,1,0
NM,2019,8,2019-08-01,6,0,6,0
NM,2019,10,2019-10-01,1,0,1,0
NM,2020,10,2020-10-01,1,0,1,0
NM,2021,10,2021-10-01,3,3,0,0
NM,2023,8,2023-08-01,56,0,56,0
NM,2024,3,2024-03-01,1,0,1,0
NM,2024,12,2024-12-01,1,0,1,0
NM,2025,3,2025-03-01,1,0,1,0
NM,2025,6,2025-06-01,1,0,0,1
NV,2012,5,2012-05-01,2,0,2,0
NV,2013,7,2013-07-01,1,1,0,0
NV,2013,10,2013-10-01,6,0,6,0
NV,2013,11,2013-11-01,2,0,2,0
NV,2014,8,2014-08-01,10,0,10,0
NV,2014,10,2014-10-01,4,4,0,0
NV,2014,11,2014-11-01,1,1,0,0
NV,2015,1,2015-01-01,7,0,7,0
NV,2015,3,2015-03-01,2,0,2,0
NV,2016,3,2016-03-01,1,1,0,0
NV,2017,2,2017-02-01,6,6,0,0
NV,2018,4,2018-04-01,26,26,0,0
NV,2018,8,2018-08-01,1,0,1,0
NV,2018,10,2018-10-01,1,1,0,0
NV,2018,12,2018-12-01,1,0,1,0
NV,2019,1,2019-01-01,1,0,0,1
NV,2019,6,2019-06-01,2,2,0,0
NV,2020,10,2020-10-01,3,3,0,0
NV,2020,11,2020-11-01,1,1,0,0
NV,2020,12,2020-12-01,1,1,0,0
NV,2021,3,2021-03-01,2,2,0,0
NV,2021,5,2021-05-01,1,1,0,0
NV,2021,8,2021-08-01,21,8,13,0
NV,2021,12,2021-12-01,1,1,0,0
NV,2022,6,2022-06-01,1,1,0,0
NV,2022,12,2022-12-01,2,0,2,0
NV,2023,3,2023-03-01,1,0,1,0
NV,2023,8,2023-08-01,1,0,0,1
NV,2025,6,2025-06-01,1,0,1,0
NY,2011,4,2011-04-01,5,5,0,0
NY,2011,10,2011-10-01,3,0,3,0
NY,2012,4,2012-04-01,2,1,1,0
NY,2012,9,2012-09-01,1,1,0,0
NY,2012,10,2012-10-01,5,2,3,0
NY,2012,11,2012-11-01,1,1,0,0
NY,2012,12,2012-12-01,7,0,4,3
NY,2013,1,2013-01-01,3,0,0,3
NY,2013,2,2013-02-01,9,6,3,0
NY,2013,3,2013-03-01,4,4,0,0
NY,2013,4,2013-04-01,8,5,3,0
NY,2013,5,2013-05-01,6,1,4,1
NY,2013,6,2013-06-01,9,5,3,1
NY,2013,7,2013-07-01,2,1,1,0
NY,2013,8,2013-08-01,1,0,1,0
NY,2013,9,2013-09-01,88,2,86,0
NY,2013,10,2013-10-01,10,2,8,0
NY,2013,11,2013-11-01,2,0,2,0
NY,2013,12,2013-12-01,6,6,0,0
NY,2014,1,2014-01-01,5,1,2,2
NY,2014,2,2014-02-01,7,2,5,0
NY,2014,3,2014-03-01,16,16,0,0
NY,2014,4,2014-04-01,9,7,2,0
NY,2014,5,2014-05-01,8,8,0,0
NY,2014,6,2014-06-01,9,7,2,0
NY,2014,7,2014-07-01,15,3,11,1
NY,2014,8,2014-08-01,3,1,0,2
NY,2014,9,2014-09-01,8,3,5,0
NY,2014,10,2014-10-01,23,2,0,21
NY,2014,11,2014-11-01,9,3,3,3
NY,2014,12,2014-12-01,20,17,3,0
NY,2015,1,2015-01-01,22,16,6,0
NY,2015,2,2015-02-01,5,3,2,0
NY,2015,3,2015-03-01,2,2,0,0
NY,2015,4,2015-04-01,6,6,0,0
NY,2015,5,2015-05-01,7,6,1,0
NY,2015,6,2015-06-01,2,1,1,0
NY,2015,7,2015-07-01,8,2,6,0
NY,2015,8,2015-08-01,13,12,1,0
NY,2015,9,2015-09-01,1,1,0,0
NY,2015,11,2015-11-01,6,4,1,1
NY,2016,2,2016-02-01,12,11,1,0
NY,2016,3,2016-03-01,51,33,17,1
NY,2016,4,2016-04-01,10,8,2,0
NY,2016,5,2016-05-01,38,37,1,0
NY,2016,6,2016-06-01,2,2,0,0
NY,2016,7,2016-07-01,20,14,4,2
NY,2016,8,2016-08-01,2,1,1,0
NY,2016,9,2016-09-01,32,24,8,0
NY,2016,10,2016-10-01,4,3,1,0
NY,2016,11,2016-11-01,22,16,5,1
NY,2016,12,2016-12-01,32,21,11,0
NY,2017,1,2017-01-01,9,8,1,0
NY,2017,2,2017-02-01,1,1,0,0
NY,2017,3,2017-03-01,11,10,0,1
NY,2017,4,2017-04-01,24,20,4,0
NY,2017,5,2017-05-01,57,57,0,0
NY,2017,6,2017-06-01,6,2,4,0
NY,2017,7,2017-07-01,1,0,1,0
NY,2017,8,2017-08-01,18,10,8,0
NY,2017,9,2017-09-01,11,7,4,0
NY,2017,10,2017-10-01,27,3,24,0
NY,2017,11,2017-11-01,9,0,8,1
NY,2017,12,2017-12-01,1,0,0,1
NY,2018,1,2018-01-01,14,6,8,0
NY,2018,2,2018-02-01,11,0,11,0
NY,2018,3,2018-03-01,16,7,7,2
NY,2018,4,2018-04-01,8,3,4,1
NY,2018,5,2018-05-01,5,3,2,0
NY,2018,6,2018-06-01,2,1,1,0
NY,2018,7,2018-07-01,19,3,12,4
NY,2018,8,2018-08-01,9,3,5,1
NY,2018,9,2018-09-01,5,2,2,1
NY,2018,10,2018-10-01,12,11,1,0
NY,2018,11,2018-11-01,7,5,2,0
NY,2018,12,2018-12-01,2,2,0,0
NY,2019,1,2019-01-01,5,5,0,0
NY,2019,2,2019-02-01,14,2,12,0
NY,2019,3,2019-03-01,2,0,2,0
NY,2019,4,2019-04-01,6,2,3,1
NY,2019,5,2019-05-01,7,6,1,0
NY,2019,6,2019-06-01,1,0,1,0
NY,2019,7,2019-07-01,8,3,5,0
NY,2019,8,2019-08-01,11,4,5,2
NY,2019,9,2019-09-01,11,7,4,0
NY,2019,10,2019-10-01,6,3,2,1
NY,2019,11,2019-11-01,2,1,1,0
NY,2019,12,2019-12-01,10,9,1,0
NY,2020,1,2020-01-01,27,1,25,1
NY,2020,2,2020-02-01,5,0,1,4
NY,2020,3,2020-03-01,2,1,1,0
NY,2020,4,2020-04-01,3,2,0,1
NY,2020,5,2020-05-01,6,1,5,0
NY,2020,6,2020-06-01,70,2,68,0
NY,2020,7,2020-07-01,8,1,7,0
NY,2020,8,2020-08-01,40,13,18,9
NY,2020,9,2020-09-01,1,0,1,0
NY,2020,10,2020-10-01,7,2,5,0
NY,2020,11,2020-11-01,3,2,1,0
NY,2020,12,2020-12-01,2,1,1,0
NY,2021,1,2021-01-01,6,1,5,0
NY,2021,3,2021-03-01,8,0,7,1
NY,2021,4,2021-04-01,4,0,4,0
NY,2021,5,2021-05-01,7,2,5,0
NY,2021,6,2021-06-01,38,36,2,0
NY,2021,7,2021-07-01,39,10,28,1
NY,2021,8,2021-08-01,6,3,3,0
NY,2021,9,2021-09-01,5,0,5,0
NY,2021,10,2021-10-01,19,18,1,0
NY,2021,11,2021-11-01,3,1,2,0
NY,2021,12,2021-12-01,4,2,2,0
NY,2022,1,2022-01-01,2,1,1,0
NY,2022,2,2022-02-01,1,0,1,0
NY,2022,3,2022-03-01,16,14,2,0
NY,2022,4,2022-04-01,3,0,2,1
NY,2022,5,2022-05-01,14,12,2,0
NY,2022,6,2022-06-01,2,0,2,0
NY,2022,7,2022-07-01,1,0,1,0
NY,2022,8,2022-08-01,3,0,1,2
NY,2022,10,2022-10-01,2,0,2,0
NY,2022,11,2022-11-01,2,0,2,0
NY,2022,12,2022-12-01,7,4,3,0
NY,2023,1,2023-01-01,2,1,1,0
NY,2023,2,2023-02-01,3,0,3,0
NY,2023,3,2023-03-01,1,0,1,0
NY,2023,4,2023-04-01,18,0,18,0
NY,2023,5,2023-05-01,4,2,2,0
NY,2023,6,2023-06-01,5,1,4,0
NY,2023,7,2023-07-01,6,1,3,2
NY,2023,8,2023-08-01,86,85,0,1
NY,2023,9,2023-09-01,1,0,0,1
NY,2023,10,2023-10-01,5,4,1,0
NY,2023,12,2023-12-01,6,3,3,0
NY,2024,1,2024-01-01,10,3,7,0
NY,2024,2,2024-02-01,3,2,1,0
NY,2024,3,2024-03-01,4,0,3,1
NY,2024,4,2024-04-01,6,1,4,1
NY,2024,5,2024-05-01,18,4,12,2
NY,2024,6,2024-06-01,7,6,1,0
NY,2024,7,2024-07-01,2,1,1,0
NY,2024,8,2024-08-01,11,2,9,0
NY,2024,10,2024-10-01,3,2,1,0
NY,2024,11,2024-11-01,4,2,2,0
NY,2024,12,2024-12-01,7,1,6,0
NY,2025,1,2025-01-01,5,2,3,0
NY,2025,2,2025-02-01,6,0,4,2
NY,2025,3,2025-03-01,10,7,2,1
NY,2025,4,2025-04-01,7,2,5,0
NY,2025,5,2025-05-01,2,2,0,0
NY,2025,6,2025-06-01,9,4,4,1
NY,2025,7,2025-07-01,12,1,11,0
NY,2025,8,2025-08-01,10,5,5,0
NY,2025,9,2025-09-01,23,13,10,0
NY,2025,10,2025-10-01,11,5,6,0
NY,2025,11,2025-11-01,14,7,6,1
NY,2025,12,2025-12-01,2,1,1,0
NY,2026,1,2026-01-01,2,2,0,0
OH,2008,2,2008-02-01,1,1,0,0
OH,2008,6,2008-06-01,1,0,1,0
OH,2008,7,2008-07-01,32,0,32,0
OH,2009,1,2009-01-01,1,1,0,0
OH,2009,2,2009-02-01,9,9,0,0
OH,2009,4,2009-04-01,5,5,0,0
OH,2009,6,2009-06-01,1,1,0,0
OH,2010,7,2010-07-01,1,1,0,0
OH,2011,2,2011-02-01,1,0,1,0
OH,2012,5,2012-05-01,2,0,0,2
OH,2012,6,2012-06-01,2,0,2,0
OH,2012,7,2012-07-01,1,0,1,0
OH,2012,9,2012-09-01,1,1,0,0
OH,2012,10,2012-10-01,28,25,3,0
OH,2012,11,2012-11-01,2,1,1,0
OH,2012,12,2012-12-01,12,1,11,0
OH,2013,1,2013-01-01,6,6,0,0
OH,2013,2,2013-02-01,5,0,5,0
OH,2013,3,2013-03-01,18,0,18,0
OH,2013,5,2013-05-01,1,0,1,0
OH,2013,6,2013-06-01,6,6,0,0
OH,2013,7,2013-07-01,1,0,1,0
OH,2013,8,2013-08-01,1,1,0,0
OH,2013,9,2013-09-01,16,2,14,0
OH,2013,10,2013-10-01,1,0,1,0
OH,2013,11,2013-11-01,2,0,0,2
OH,2013,12,2013-12-01,1,0,0,1
OH,2014,1,2014-01-01,2,0,2,0
OH,2014,2,2014-02-01,2,1,0,1
OH,2014,3,2014-03-01,6,1,4,1
OH,2014,4,2014-04-01,5,5,0,0
OH,2014,6,2014-06-01,9,0,9,0
OH,2014,11,2014-11-01,1,1,0,0
OH,2014,12,2014-12-01,3,1,2,0
OH,2015,1,2015-01-01,4,3,1,0
OH,2015,2,2015-02-01,6,3,1,2
OH,2015,4,2015-04-01,137,136,1,0
OH,2015,5,2015-05-01,2,1,1,0
OH,2015,7,2015-07-01,15,7,8,0
OH,2015,8,2015-08-01,32,0,32,0
OH,2015,9,2015-09-01,3,0,3,0
OH,2015,10,2015-10-01,7,4,0,3
OH,2015,11,2015-11-01,3,2,1,0
OH,2015,12,2015-12-01,1,0,1,0
OH,2016,2,2016-02-01,3,2,1,0
OH,2016,3,2016-03-01,13,3,10,0
OH,2016,4,2016-04-01,5,4,1,0
OH,2016,5,2016-05-01,26,24,2,0
OH,2016,6,2016-06-01,9,0,9,0
OH,2016,7,2016-07-01,2,2,0,0
OH,2016,8,2016-08-01,11,10,0,1
OH,2016,9,2016-09-01,5,1,1,3
OH,2016,10,2016-10-01,2,1,1,0
OH,2016,11,2016-11-01,1,1,0,0
OH,2016,12,2016-12-01,8,7,1,0
OH,2017,1,2017-01-01,3,0,3,0
OH,2017,2,2017-02-01,53,53,0,0
OH,2017,3,2017-03-01,11,0,11,0
OH,2017,4,2017-04-01,6,4,1,1
OH,2017,5,2017-05-01,7,4,3,0
OH,2017,6,2017-06-01,11,11,0,0
OH,2017,7,2017-07-01,4,0,4,0
OH,2017,8,2017-08-01,2,0,2,0
OH,2017,9,2017-09-01,1,1,0,0
OH,2017,10,2017-10-01,14,5,9,0
OH,2017,11,2017-11-01,16,0,16,0
OH,2017,12,2017-12-01,1,1,0,0
OH,2018,1,2018-01-01,7,0,7,0
OH,2018,2,2018-02-01,1,0,1,0
OH,2018,3,2018-03-01,1,0,1,0
OH,2018,4,2018-04-01,8,0,8,0
OH,2018,5,2018-05-01,1,1,0,0
OH,2018,8,2018-08-01,1,0,1,0
OH,2018,9,2018-09-01,2,0,2,0
OH,2018,10,2018-10-01,2,0,1,1
OH,2018,11,2018-11-01,2,0,2,0
OH,2018,12,2018-12-01,24,22,2,0
OH,2019,3,2019-03-01,2,1,0,1
OH,2019,6,2019-06-01,9,9,0,0
OH,2019,7,2019-07-01,1,0,1,0
OH,2019,8,2019-08-01,3,0,3,0
OH,2019,10,2019-10-01,6,0,0,6
OH,2019,11,2019-11-01,9,4,5,0
OH,2019,12,2019-12-01,6,3,3,0
OH,2020,1,2020-01-01,1,1,0,0
OH,2020,2,2020-02-01,9,6,3,0
OH,2020,3,2020-03-01,2,0,2,0
OH,2020,4,2020-04-01,1,1,0,0
OH,2020,6,2020-06-01,1,0,0,1
OH,2020,7,2020-07-01,3,3,0,0
OH,2020,8,2020-08-01,24,17,7,0
OH,2020,11,2020-11-01,5,1,4,0
OH,2021,1,2021-01-01,1,0,1,0
OH,2021,2,2021-02-01,2,1,0,1
OH,2021,3,2021-03-01,4,0,4,0
OH,2021,4,2021-04-01,62,58,4,0
OH,2021,5,2021-05-01,6,3,3,0
OH,2021,6,2021-06-01,2,2,0,0
OH,2021,7,2021-07-01,6,6,0,0
OH,2021,8,2021-08-01,4,4,0,0
OH,2021,9,2021-09-01,5,2,2,1
OH,2021,10,2021-10-01,26,6,18,2
OH,2021,11,2021-11-01,1,0,1,0
OH,2021,12,2021-12-01,1,1,0,0
OH,2022,1,2022-01-01,1,0,1,0
OH,2022,2,2022-02-01,3,0,3,0
OH,2022,3,2022-03-01,8,0,8,0
OH,2022,4,2022-04-01,3,3,0,0
OH,2022,5,2022-05-01,41,39,2,0
OH,2022,6,2022-06-01,4,1,2,1
OH,2022,7,2022-07-01,6,0,6,0
OH,2022,8,2022-08-01,1,0,1,0
OH,2022,9,2022-09-01,3,0,3,0
OH,2022,10,2022-10-01,12,0,12,0
OH,2022,12,2022-12-01,1,0,1,0
OH,2023,3,2023-03-01,3,0,3,0
OH,2023,4,2023-04-01,2,0,2,0
OH,2023,7,2023-07-01,15,1,14,0
OH,2023,8,2023-08-01,10,0,10,0
OH,2023,9,2023-09-01,3,2,1,0
OH,2023,10,2023-10-01,2,1,1,0
OH,2023,11,2023-11-01,1,0,1,0
OH,2023,12,2023-12-01,41,40,1,0
OH,2024,1,2024-01-01,62,0,62,0
OH,2024,2,2024-02-01,3,2,1,0
OH,2024,3,2024-03-01,2,0,2,0
OH,2024,4,2024-04-01,3,0,3,0
OH,2024,5,2024-05-01,1,0,1,0
OH,2024,6,2024-06-01,27,0,27,0
OH,2024,7,2024-07-01,33,33,0,0
OH,2024,10,2024-10-01,2,0,2,0
OH,2024,11,2024-11-01,7,4,3,0
OH,2025,2,2025-02-01,2,0,2,0
OH,2025,4,2025-04-01,1,1,0,0
OH,2025,5,2025-05-01,4,0,4,0
OH,2025,6,2025-06-01,10,0,10,0
OH,2025,7,2025-07-01,11,10,1,0
OH,2025,8,2025-08-01,10,9,1,0
OH,2025,9,2025-09-01,2,2,0,0
OH,2025,10,2025-10-01,8,0,8,0
OH,2025,11,2025-11-01,1,0,1,0
OH,2025,12,2025-12-01,4,2,1,1
OK,2012,6,2012-06-01,6,0,6,0
OK,2013,4,2013-04-01,1,1,0,0
OK,2013,6,2013-06-01,1,1,0,0
OK,2013,7,2013-07-01,2,0,2,0
OK,2014,1,2014-01-01,1,1,0,0
OK,2014,2,2014-02-01,1,0,1,0
OK,2014,10,2014-10-01,1,1,0,0
OK,2015,7,2015-07-01,2,0,2,0
OK,2015,9,2015-09-01,8,6,2,0
OK,2016,1,2016-01-01,1,0,0,1
OK,2016,4,2016-04-01,5,3,2,0
OK,2016,9,2016-09-01,1,0,1,0
OK,2017,5,2017-05-01,6,0,6,0
OK,2017,8,2017-08-01,1,0,1,0
OK,2017,9,2017-09-01,1,0,1,0
OK,2018,4,2018-04-01,1,0,1,0
OK,2018,12,2018-12-01,1,1,0,0
OK,2019,5,2019-05-01,1,0,1,0
OK,2019,8,2019-08-01,1,1,0,0
OK,2019,11,2019-11-01,8,8,0,0
OK,2020,7,2020-07-01,2,0,2,0
OK,2021,1,2021-01-01,1,0,1,0
OK,2022,5,2022-05-01,3,0,1,2
OK,2023,11,2023-11-01,1,1,0,0
OK,2024,3,2024-03-01,1,0,1,0
OK,2024,12,2024-12-01,1,0,0,1
OR,2012,5,2012-05-01,1,0,1,0
OR,2012,6,2012-06-01,5,0,5,0
OR,2012,7,2012-07-01,4,1,3,0
OR,2012,8,2012-08-01,13,8,5,0
OR,2012,9,2012-09-01,11,9,2,0
OR,2012,10,2012-10-01,1,1,0,0
OR,2012,12,2012-12-01,1,0,1,0
OR,2013,1,2013-01-01,2,0,2,0
OR,2013,2,2013-02-01,9,0,5,4
OR,2013,3,2013-03-01,2,0,1,1
OR,2013,4,2013-04-01,5,0,3,2
OR,2013,5,2013-05-01,2,1,1,0
OR,2013,6,2013-06-01,2,2,0,0
OR,2013,7,2013-07-01,8,0,6,2
OR,2013,8,2013-08-01,1,0,1,0
OR,2013,9,2013-09-01,2,2,0,0
OR,2013,10,2013-10-01,227,203,24,0
OR,2013,11,2013-11-01,10,0,10,0
OR,2014,1,2014-01-01,1,1,0,0
OR,2014,3,2014-03-01,2,1,1,0
OR,2014,4,2014-04-01,9,0,1,8
OR,2014,5,2014-05-01,6,1,5,0
OR,2014,6,2014-06-01,1,0,1,0
OR,2014,7,2014-07-01,3,2,1,0
OR,2014,8,2014-08-01,25,25,0,0
OR,2014,11,2014-11-01,2,2,0,0
OR,2014,12,2014-12-01,8,8,0,0
OR,2015,1,2015-01-01,32,4,28,0
OR,2015,2,2015-02-01,1,1,0,0
OR,2015,3,2015-03-01,2,0,2,0
OR,2015,4,2015-04-01,18,0,18,0
OR,2015,5,2015-05-01,1,0,1,0
OR,2015,6,2015-06-01,6,1,2,3
OR,2015,7,2015-07-01,1,1,0,0
OR,2015,9,2015-09-01,2,1,1,0
OR,2015,10,2015-10-01,43,0,43,0
OR,2015,11,2015-11-01,1,0,1,0
OR,2015,12,2015-12-01,6,5,1,0
OR,2016,1,2016-01-01,16,0,16,0
OR,2016,2,2016-02-01,4,0,4,0
OR,2016,3,2016-03-01,3,3,0,0
OR,2016,4,2016-04-01,27,10,17,0
OR,2016,5,2016-05-01,5,3,2,0
OR,2016,6,2016-06-01,5,4,1,0
OR,2016,9,2016-09-01,3,2,0,1
OR,2016,10,2016-10-01,2,0,2,0
OR,2016,11,2016-11-01,4,2,2,0
OR,2016,12,2016-12-01,7,2,5,0
OR,2017,1,2017-01-01,2,1,0,1
OR,2017,3,2017-03-01,6,1,5,0
OR,2017,4,2017-04-01,2,2,0,0
OR,2017,5,2017-05-01,2,0,2,0
OR,2017,6,2017-06-01,2,0,2,0
OR,2017,7,2017-07-01,1,0,1,0
OR,2017,8,2017-08-01,19,0,19,0
OR,2017,10,2017-10-01,10,9,1,0
OR,2017,11,2017-11-01,1,0,1,0
OR,2017,12,2017-12-01,3,1,2,0
OR,2018,1,2018-01-01,3,1,2,0
OR,2018,2,2018-02-01,7,1,4,2
OR,2018,3,2018-03-01,17,11,6,0
OR,2018,4,2018-04-01,2,1,1,0
OR,2018,5,2018-05-01,8,2,4,2
OR,2018,6,2018-06-01,2,1,1,0
OR,2018,7,2018-07-01,5,4,0,1
OR,2018,8,2018-08-01,35,4,31,0
OR,2018,9,2018-09-01,3,1,2,0
OR,2018,10,2018-10-01,12,1,11,0
OR,2018,11,2018-11-01,4,0,4,0
OR,2018,12,2018-12-01,8,1,7,0
OR,2019,2,2019-02-01,3,0,3,0
OR,2019,4,2019-04-01,4,0,3,1
OR,2019,5,2019-05-01,2,1,0,1
OR,2019,6,2019-06-01,5,3,2,0
OR,2019,7,2019-07-01,5,4,1,0
OR,2019,9,2019-09-01,7,0,7,0
OR,2019,10,2019-10-01,1,0,1,0
OR,2019,11,2019-11-01,4,1,2,1
OR,2019,12,2019-12-01,2,0,2,0
OR,2020,1,2020-01-01,3,0,1,2
OR,2020,2,2020-02-01,9,2,7,0
OR,2020,3,2020-03-01,1,1,0,0
OR,2020,5,2020-05-01,5,3,2,0
OR,2020,6,2020-06-01,1,0,1,0
OR,2020,7,2020-07-01,14,12,2,0
OR,2020,11,2020-11-01,1,1,0,0
OR,2020,12,2020-12-01,1,1,0,0
OR,2021,2,2021-02-01,2,1,1,0
OR,2021,4,2021-04-01,14,2,5,7
OR,2021,5,2021-05-01,2,1,1,0
OR,2021,6,2021-06-01,9,0,8,1
OR,2021,8,2021-08-01,1,0,1,0
OR,2021,10,2021-10-01,1,0,0,1
OR,2021,11,2021-11-01,6,3,3,0
OR,2021,12,2021-12-01,22,0,19,3
OR,2022,1,2022-01-01,3,0,3,0
OR,2022,2,2022-02-01,1,0,1,0
OR,2022,3,2022-03-01,6,0,3,3
OR,2022,4,2022-04-01,6,5,1,0
OR,2022,5,2022-05-01,14,10,4,0
OR,2022,6,2022-06-01,1,1,0,0
OR,2022,7,2022-07-01,2,0,2,0
OR,2022,8,2022-08-01,1,0,0,1
OR,2022,9,2022-09-01,1,1,0,0
OR,2022,12,2022-12-01,1,1,0,0
OR,2023,1,2023-01-01,2,0,1,1
OR,2023,2,2023-02-01,7,3,4,0
OR,2023,3,2023-03-01,7,3,4,0
OR,2023,4,2023-04-01,3,2,0,1
OR,2023,5,2023-05-01,4,1,3,0
OR,2023,6,2023-06-01,13,11,1,1
OR,2023,7,2023-07-01,1,1,0,0
OR,2023,10,2023-10-01,1,0,1,0
OR,2023,11,2023-11-01,2,0,2,0
OR,2024,1,2024-01-01,5,3,2,0
OR,2024,2,2024-02-01,6,6,0,0
OR,2024,3,2024-03-01,2,0,0,2
OR,2024,4,2024-04-01,1,0,1,0
OR,2024,5,2024-05-01,2,0,2,0
OR,2024,6,2024-06-01,1,1,0,0
OR,2024,7,2024-07-01,39,0,15,24
OR,2024,8,2024-08-01,18,0,6,12
OR,2024,9,2024-09-01,2,0,2,0
OR,2024,10,2024-10-01,23,7,16,0
OR,2024,11,2024-11-01,1,0,0,1
OR,2024,12,2024-12-01,3,3,0,0
OR,2025,1,2025-01-01,9,0,5,4
OR,2025,2,2025-02-01,12,0,12,0
OR,2025,3,2025-03-01,1,1,0,0
OR,2025,5,2025-05-01,1,0,1,0
OR,2025,6,2025-06-01,4,2,2,0
OR,2025,7,2025-07-01,9,7,2,0
OR,2025,9,2025-09-01,3,3,0,0
OR,2025,11,2025-11-01,3,2,0,1
OR,2025,12,2025-12-01,1,0,1,0
PA,2011,11,2011-11-01,33,8,25,0
PA,2012,4,2012-04-01,3,0,3,0
PA,2012,5,2012-05-01,28,0,28,0
PA,2012,6,2012-06-01,5,0,5,0
PA,2012,8,2012-08-01,16,6,10,0
PA,2012,9,2012-09-01,12,0,12,0
PA,2012,10,2012-10-01,1,0,1,0
PA,2012,11,2012-11-01,2,2,0,0
PA,2013,1,2013-01-01,5,0,5,0
PA,2013,2,2013-02-01,18,2,16,0
PA,2013,3,2013-03-01,11,10,1,0
PA,2013,5,2013-05-01,20,0,20,0
PA,2013,6,2013-06-01,8,1,7,0
PA,2013,7,2013-07-01,1,0,1,0
PA,2013,8,2013-08-01,2,2,0,0
PA,2013,9,2013-09-01,7,1,2,4
PA,2013,10,2013-10-01,7,1,6,0
PA,2013,11,2013-11-01,3,0,3,0
PA,2013,12,2013-12-01,1,1,0,0
PA,2014,4,2014-04-01,2,0,2,0
PA,2014,5,2014-05-01,1,0,1,0
PA,2014,6,2014-06-01,2,1,1,0
PA,2014,8,2014-08-01,1,0,1,0
PA,2014,9,2014-09-01,2,0,2,0
PA,2014,10,2014-10-01,3,1,2,0
PA,2014,12,2014-12-01,5,3,0,2
PA,2015,1,2015-01-01,32,2,29,1
PA,2015,2,2015-02-01,1,0,1,0
PA,2015,3,2015-03-01,36,18,18,0
PA,2015,4,2015-04-01,13,0,13,0
PA,2015,6,2015-06-01,2,0,1,1
PA,2015,7,2015-07-01,39,0,39,0
PA,2015,8,2015-08-01,4,0,4,0
PA,2015,9,2015-09-01,6,6,0,0
PA,2015,10,2015-10-01,4,0,4,0
PA,2015,11,2015-11-01,3,2,1,0
PA,2016,1,2016-01-01,1,1,0,0
PA,2016,2,2016-02-01,11,1,10,0
PA,2016,3,2016-03-01,6,1,4,1
PA,2016,4,2016-04-01,5,3,2,0
PA,2016,5,2016-05-01,5,2,3,0
PA,2016,6,2016-06-01,39,4,35,0
PA,2016,7,2016-07-01,37,4,33,0
PA,2016,8,2016-08-01,9,0,9,0
PA,2016,9,2016-09-01,93,11,82,0
PA,2016,10,2016-10-01,2,2,0,0
PA,2016,11,2016-11-01,21,1,20,0
PA,2016,12,2016-12-01,16,9,7,0
PA,2017,1,2017-01-01,8,2,5,1
PA,2017,5,2017-05-01,14,2,12,0
PA,2017,6,2017-06-01,7,0,7,0
PA,2017,7,2017-07-01,1,1,0,0
PA,2017,8,2017-08-01,1,0,1,0
PA,2017,10,2017-10-01,7,4,3,0
PA,2017,11,2017-11-01,3,0,3,0
PA,2017,12,2017-12-01,13,0,13,0
PA,2018,1,2018-01-01,2,0,2,0
PA,2018,2,2018-02-01,5,3,1,1
PA,2018,3,2018-03-01,3,3,0,0
PA,2018,5,2018-05-01,7,6,1,0
PA,2018,7,2018-07-01,2,1,1,0
PA,2018,8,2018-08-01,2,0,0,2
PA,2018,10,2018-10-01,14,5,7,2
PA,2018,11,2018-11-01,3,2,1,0
PA,2018,12,2018-12-01,4,0,4,0
PA,2019,1,2019-01-01,1,1,0,0
PA,2019,2,2019-02-01,2,2,0,0
PA,2019,3,2019-03-01,1,0,1,0
PA,2019,4,2019-04-01,1,0,0,1
PA,2019,5,2019-05-01,10,0,10,0
PA,2019,8,2019-08-01,2,0,2,0
PA,2019,11,2019-11-01,1,1,0,0
PA,2019,12,2019-12-01,2,0,2,0
PA,2020,1,2020-01-01,3,0,3,0
PA,2020,3,2020-03-01,1,1,0,0
PA,2020,7,2020-07-01,2,1,1,0
PA,2020,8,2020-08-01,55,36,19,0
PA,2020,9,2020-09-01,1,0,0,1
PA,2020,10,2020-10-01,3,1,2,0
PA,2020,11,2020-11-01,1,0,1,0
PA,2020,12,2020-12-01,1,1,0,0
PA,2021,1,2021-01-01,5,0,5,0
PA,2021,2,2021-02-01,1,0,1,0
PA,2021,3,2021-03-01,2,2,0,0
PA,2021,5,2021-05-01,3,2,1,0
PA,2021,6,2021-06-01,2,0,2,0
PA,2021,9,2021-09-01,3,1,2,0
PA,2021,11,2021-11-01,3,1,2,0
PA,2021,12,2021-12-01,1,0,0,1
PA,2022,1,2022-01-01,2,0,1,1
PA,2022,3,2022-03-01,2,2,0,0
PA,2022,4,2022-04-01,1,0,1,0
PA,2022,5,2022-05-01,27,18,9,0
PA,2022,6,2022-06-01,2,0,1,1
PA,2022,8,2022-08-01,12,11,1,0
PA,2022,9,2022-09-01,4,0,4,0
PA,2022,10,2022-10-01,1,1,0,0
PA,2022,11,2022-11-01,2,0,1,1
PA,2023,2,2023-02-01,3,0,3,0
PA,2023,3,2023-03-01,1,0,1,0
PA,2023,4,2023-04-01,1,0,1,0
PA,2023,5,2023-05-01,2,1,1,0
PA,2023,7,2023-07-01,10,0,9,1
PA,2023,8,2023-08-01,2,1,1,0
PA,2023,11,2023-11-01,1,1,0,0
PA,2023,12,2023-12-01,3,0,0,3
PA,2024,1,2024-01-01,3,3,0,0
PA,2024,2,2024-02-01,1,0,0,1
PA,2024,3,2024-03-01,3,0,3,0
PA,2024,4,2024-04-01,2,0,2,0
PA,2024,6,2024-06-01,1,1,0,0
PA,2024,7,2024-07-01,4,2,1,1
PA,2024,10,2024-10-01,4,1,3,0
PA,2024,11,2024-11-01,3,3,0,0
PA,2024,12,2024-12-01,2,1,1,0
PA,2025,3,2025-03-01,12,12,0,0
PA,2025,4,2025-04-01,2,0,1,1
PA,2025,5,2025-05-01,10,10,0,0
PA,2025,6,2025-06-01,4,4,0,0
PA,2025,8,2025-08-01,1,0,1,0
PA,2025,9,2025-09-01,1,1,0,0
PA,2025,10,2025-10-01,3,3,0,0
PA,2025,12,2025-12-01,1,0,0,1
PR,2012,3,2012-03-01,1,0,1,0
PR,2012,4,2012-04-01,5,0,4,1
PR,2012,6,2012-06-01,6,2,4,0
PR,2012,8,2012-08-01,9,2,7,0
PR,2012,9,2012-09-01,2,0,2,0
PR,2012,10,2012-10-01,1,0,1,0
PR,2012,11,2012-11-01,4,0,3,1
PR,2012,12,2012-12-01,7,1,5,1
PR,2013,3,2013-03-01,1,0,0,1
PR,2013,5,2013-05-01,1,0,1,0
PR,2013,7,2013-07-01,1,0,1,0
PR,2013,8,2013-08-01,7,0,6,1
PR,2013,9,2013-09-01,10,0,4,6
PR,2013,10,2013-10-01,1,1,0,0
PR,2014,2,2014-02-01,17,0,17,0
PR,2014,3,2014-03-01,4,1,3,0
PR,2014,7,2014-07-01,10,0,10,0
PR,2014,8,2014-08-01,1,1,0,0
PR,2014,9,2014-09-01,1,0,1,0
PR,2014,10,2014-10-01,6,6,0,0
PR,2014,12,2014-12-01,1,0,1,0
PR,2015,1,2015-01-01,1,1,0,0
PR,2015,7,2015-07-01,2,2,0,0
PR,2015,12,2015-12-01,2,0,2,0
PR,2016,2,2016-02-01,3,0,3,0
PR,2016,3,2016-03-01,4,0,4,0
PR,2016,4,2016-04-01,1,1,0,0
PR,2016,5,2016-05-01,4,0,4,0
PR,2016,6,2016-06-01,5,0,4,1
PR,2016,7,2016-07-01,13,0,13,0
PR,2016,10,2016-10-01,1,0,1,0
PR,2016,12,2016-12-01,8,0,8,0
PR,2017,2,2017-02-01,9,0,0,9
PR,2017,3,2017-03-01,10,0,10,0
PR,2017,4,2017-04-01,1,0,1,0
PR,2017,5,2017-05-01,3,0,3,0
PR,2017,11,2017-11-01,2,2,0,0
PR,2018,1,2018-01-01,14,12,2,0
PR,2018,2,2018-02-01,2,0,2,0
PR,2018,9,2018-09-01,4,4,0,0
PR,2018,10,2018-10-01,2,0,2,0
PR,2019,2,2019-02-01,2,0,2,0
PR,2019,8,2019-08-01,4,0,4,0
PR,2019,9,2019-09-01,2,0,0,2
PR,2019,11,2019-11-01,5,0,5,0
PR,2020,7,2020-07-01,2,0,0,2
PR,2021,3,2021-03-01,1,0,0,1
PR,2021,4,2021-04-01,1,0,0,1
PR,2021,5,2021-05-01,2,0,0,2
PR,2021,8,2021-08-01,1,0,0,1
PR,2021,9,2021-09-01,2,0,0,2
PR,2021,12,2021-12-01,1,0,1,0
PR,2022,4,2022-04-01,1,0,0,1
PR,2022,8,2022-08-01,1,0,0,1
PR,2023,3,2023-03-01,3,0,3,0
PR,2023,9,2023-09-01,1,0,0,1
PR,2023,12,2023-12-01,1,0,0,1
PR,2024,2,2024-02-01,2,0,2,0
PR,2024,3,2024-03-01,1,0,1,0
PR,2024,4,2024-04-01,1,0,1,0
PR,2024,9,2024-09-01,1,0,1,0
PR,2025,12,2025-12-01,6,0,6,0
RI,2012,7,2012-07-01,2,2,0,0
RI,2013,6,2013-06-01,11,0,11,0
RI,2014,5,2014-05-01,3,3,0,0
RI,2014,10,2014-10-01,2,2,0,0
RI,2015,9,2015-09-01,1,1,0,0
RI,2016,2,2016-02-01,1,0,1,0
RI,2016,4,2016-04-01,1,0,1,0
RI,2016,9,2016-09-01,4,0,4,0
RI,2016,12,2016-12-01,1,0,1,0
RI,2017,4,2017-04-01,3,3,0,0
RI,2017,5,2017-05-01,1,0,1,0
RI,2017,9,2017-09-01,5,5,0,0
RI,2019,6,2019-06-01,1,0,1,0
RI,2019,7,2019-07-01,1,0,1,0
RI,2019,9,2019-09-01,3,0,3,0
RI,2019,11,2019-11-01,3,0,3,0
RI,2019,12,2019-12-01,6,0,6,0
RI,2020,2,2020-02-01,6,0,0,6
RI,2020,5,2020-05-01,1,0,1,0
RI,2020,8,2020-08-01,1,0,1,0
RI,2021,1,2021-01-01,2,0,2,0
RI,2021,11,2021-11-01,1,0,1,0
RI,2022,4,2022-04-01,1,0,1,0
RI,2024,1,2024-01-01,1,0,1,0
RI,2025,4,2025-04-01,1,0,1,0
SC,2012,6,2012-06-01,2,0,2,0
SC,2013,2,2013-02-01,1,1,0,0
SC,2013,11,2013-11-01,1,0,1,0
SC,2014,1,2014-01-01,1,1,0,0
SC,2014,7,2014-07-01,2,0,2,0
SC,2014,8,2014-08-01,2,0,0,2
SC,2014,11,2014-11-01,2,0,2,0
SC,2016,5,2016-05-01,1,1,0,0
SC,2016,11,2016-11-01,1,1,0,0
SC,2017,2,2017-02-01,5,5,0,0
SC,2017,5,2017-05-01,9,0,9,0
SC,2018,1,2018-01-01,2,0,2,0
SC,2018,3,2018-03-01,1,1,0,0
SC,2018,4,2018-04-01,1,1,0,0
SC,2018,5,2018-05-01,1,0,1,0
SC,2018,10,2018-10-01,2,2,0,0
SC,2018,11,2018-11-01,1,0,1,0
SC,2019,1,2019-01-01,3,0,3,0
SC,2019,2,2019-02-01,1,1,0,0
SC,2019,10,2019-10-01,3,2,1,0
SC,2019,12,2019-12-01,1,0,1,0
SC,2020,3,2020-03-01,1,0,1,0
SC,2020,7,2020-07-01,1,0,1,0
SC,2020,8,2020-08-01,1,0,1,0
SC,2021,8,2021-08-01,1,0,1,0
SC,2021,10,2021-10-01,6,0,6,0
SC,2023,6,2023-06-01,1,1,0,0
SC,2023,7,2023-07-01,1,1,0,0
SC,2023,9,2023-09-01,2,2,0,0
SC,2024,7,2024-07-01,1,0,1,0
SC,2025,3,2025-03-01,1,1,0,0
SC,2025,4,2025-04-01,1,1,0,0
SD,2016,5,2016-05-01,2,2,0,0
SD,2021,12,2021-12-01,1,1,0,0
SD,2023,4,2023-04-01,4,4,0,0
SD,2024,10,2024-10-01,3,3,0,0
TN,2012,7,2012-07-01,2,2,0,0
TN,2012,8,2012-08-01,1,0,1,0
TN,2012,9,2012-09-01,1,1,0,0
TN,2012,10,2012-10-01,2,2,0,0
TN,2013,1,2013-01-01,1,1,0,0
TN,2013,2,2013-02-01,7,0,7,0
TN,2013,3,2013-03-01,2,0,2,0
TN,2013,5,2013-05-01,3,0,3,0
TN,2013,6,2013-06-01,4,1,3,0
TN,2013,10,2013-10-01,7,1,6,0
TN,2013,12,2013-12-01,1,0,0,1
TN,2014,2,2014-02-01,1,1,0,0
TN,2014,7,2014-07-01,2,0,1,1
TN,2014,8,2014-08-01,1,1,0,0
TN,2014,9,2014-09-01,6,0,0,6
TN,2014,10,2014-10-01,1,1,0,0
TN,2014,11,2014-11-01,1,1,0,0
TN,2015,7,2015-07-01,1,0,1,0
TN,2015,9,2015-09-01,1,1,0,0
TN,2016,2,2016-02-01,11,0,11,0
TN,2016,3,2016-03-01,1,1,0,0
TN,2016,4,2016-04-01,12,12,0,0
TN,2016,5,2016-05-01,27,12,15,0
TN,2016,6,2016-06-01,1,1,0,0
TN,2016,8,2016-08-01,1,0,0,1
TN,2016,9,2016-09-01,1,0,1,0
TN,2016,10,2016-10-01,1,1,0,0
TN,2016,12,2016-12-01,3,3,0,0
TN,2017,1,2017-01-01,1,0,1,0
TN,2017,3,2017-03-01,7,0,7,0
TN,2017,6,2017-06-01,3,3,0,0
TN,2017,7,2017-07-01,3,0,3,0
TN,2017,10,2017-10-01,1,1,0,0
TN,2017,11,2017-11-01,2,0,2,0
TN,2018,1,2018-01-01,1,1,0,0
TN,2018,2,2018-02-01,14,13,1,0
TN,2018,3,2018-03-01,1,1,0,0
TN,2018,7,2018-07-01,2,1,1,0
TN,2018,11,2018-11-01,1,0,1,0
TN,2019,1,2019-01-01,1,0,1,0
TN,2019,7,2019-07-01,4,1,3,0
TN,2019,9,2019-09-01,14,0,14,0
TN,2019,10,2019-10-01,1,0,1,0
TN,2019,12,2019-12-01,13,7,6,0
TN,2020,9,2020-09-01,1,0,1,0
TN,2021,6,2021-06-01,1,0,0,1
TN,2021,9,2021-09-01,1,0,1,0
TN,2021,10,2021-10-01,5,2,3,0
TN,2021,12,2021-12-01,1,0,1,0
TN,2022,3,2022-03-01,1,0,1,0
TN,2022,11,2022-11-01,3,0,3,0
TN,2023,1,2023-01-01,1,0,0,1
TN,2023,3,2023-03-01,2,0,1,1
TN,2023,8,2023-08-01,4,0,4,0
TN,2023,9,2023-09-01,1,0,1,0
TN,2024,2,2024-02-01,4,0,4,0
TN,2024,7,2024-07-01,18,0,17,1
TN,2024,10,2024-10-01,1,0,1,0
TN,2025,3,2025-03-01,3,0,3,0
TN,2025,4,2025-04-01,1,0,1,0
TN,2025,5,2025-05-01,1,1,0,0
TN,2025,6,2025-06-01,4,0,0,4
TN,2025,7,2025-07-01,25,0,25,0
TN,2025,11,2025-11-01,9,0,9,0
TN,2025,12,2025-12-01,1,0,1,0
TX,2011,5,2011-05-01,2,0,2,0
TX,2011,10,2011-10-01,1,0,0,1
TX,2012,1,2012-01-01,1,0,1,0
TX,2012,4,2012-04-01,1,0,1,0
TX,2012,5,2012-05-01,15,15,0,0
TX,2012,7,2012-07-01,4,3,1,0
TX,2012,8,2012-08-01,2,1,1,0
TX,2012,9,2012-09-01,31,31,0,0
TX,2012,10,2012-10-01,14,13,0,1
TX,2012,11,2012-11-01,5,3,1,1
TX,2012,12,2012-12-01,2,0,2,0
TX,2013,1,2013-01-01,2,2,0,0
TX,2013,2,2013-02-01,3,1,2,0
TX,2013,3,2013-03-01,2,1,1,0
TX,2013,4,2013-04-01,1,0,1,0
TX,2013,5,2013-05-01,12,0,11,1
TX,2013,6,2013-06-01,1,1,0,0
TX,2013,7,2013-07-01,3,2,1,0
TX,2013,9,2013-09-01,4,1,0,3
TX,2013,10,2013-10-01,8,1,7,0
TX,2013,11,2013-11-01,9,8,1,0
TX,2014,1,2014-01-01,25,14,11,0
TX,2014,2,2014-02-01,48,4,44,0
TX,2014,3,2014-03-01,1,0,1,0
TX,2014,4,2014-04-01,1,1,0,0
TX,2014,6,2014-06-01,1,0,1,0
TX,2014,7,2014-07-01,88,3,85,0
TX,2014,10,2014-10-01,4,1,3,0
TX,2014,11,2014-11-01,11,1,10,0
TX,2014,12,2014-12-01,67,67,0,0
TX,2015,1,2015-01-01,32,12,20,0
TX,2015,2,2015-02-01,96,9,86,1
TX,2015,3,2015-03-01,289,289,0,0
TX,2015,4,2015-04-01,8,6,1,1
TX,2015,5,2015-05-01,2,0,2,0
TX,2015,6,2015-06-01,11,1,8,2
TX,2015,7,2015-07-01,4,3,0,1
TX,2015,8,2015-08-01,2,1,1,0
TX,2015,9,2015-09-01,25,3,3,19
TX,2015,10,2015-10-01,5,4,1,0
TX,2015,11,2015-11-01,6,0,5,1
TX,2015,12,2015-12-01,83,1,0,82
TX,2016,1,2016-01-01,2,0,2,0
TX,2016,2,2016-02-01,9,3,4,2
TX,2016,3,2016-03-01,16,7,8,1
TX,2016,4,2016-04-01,20,15,4,1
TX,2016,5,2016-05-01,11,10,1,0
TX,2016,6,2016-06-01,20,6,14,0
TX,2016,7,2016-07-01,3,2,1,0
TX,2016,8,2016-08-01,30,30,0,0
TX,2016,9,2016-09-01,8,4,3,1
TX,2016,11,2016-11-01,9,1,8,0
TX,2016,12,2016-12-01,17,13,4,0
TX,2017,1,2017-01-01,14,8,5,1
TX,2017,2,2017-02-01,8,3,5,0
TX,2017,3,2017-03-01,7,7,0,0
TX,2017,4,2017-04-01,12,7,5,0
TX,2017,5,2017-05-01,11,1,10,0
TX,2017,6,2017-06-01,14,5,9,0
TX,2017,7,2017-07-01,2,2,0,0
TX,2017,8,2017-08-01,19,1,18,0
TX,2017,9,2017-09-01,9,8,1,0
TX,2017,10,2017-10-01,4,1,3,0
TX,2018,2,2018-02-01,5,4,1,0
TX,2018,3,2018-03-01,19,13,6,0
TX,2018,4,2018-04-01,5,4,1,0
TX,2018,5,2018-05-01,16,0,16,0
TX,2018,6,2018-06-01,2,1,0,1
TX,2018,7,2018-07-01,6,0,4,2
TX,2018,9,2018-09-01,2,1,1,0
TX,2018,10,2018-10-01,2,0,2,0
TX,2018,11,2018-11-01,4,3,1,0
TX,2019,1,2019-01-01,34,34,0,0
TX,2019,2,2019-02-01,1,1,0,0
TX,2019,3,2019-03-01,1,1,0,0
TX,2019,4,2019-04-01,9,8,1,0
TX,2019,5,2019-05-01,8,3,5,0
TX,2019,6,2019-06-01,6,3,2,1
TX,2019,7,2019-07-01,80,75,5,0
TX,2019,8,2019-08-01,7,1,3,3
TX,2019,9,2019-09-01,4,1,2,1
TX,2019,10,2019-10-01,3,1,2,0
TX,2019,11,2019-11-01,71,60,11,0
TX,2019,12,2019-12-01,4,3,0,1
TX,2020,1,2020-01-01,3,0,3,0
TX,2020,2,2020-02-01,8,4,2,2
TX,2020,3,2020-03-01,2,1,1,0
TX,2020,4,2020-04-01,4,3,1,0
TX,2020,5,2020-05-01,13,0,13,0
TX,2020,6,2020-06-01,12,5,7,0
TX,2020,7,2020-07-01,6,3,3,0
TX,2020,8,2020-08-01,32,26,6,0
TX,2020,9,2020-09-01,3,2,1,0
TX,2020,10,2020-10-01,24,23,1,0
TX,2020,11,2020-11-01,1,1,0,0
TX,2020,12,2020-12-01,1,0,1,0
TX,2021,1,2021-01-01,2,1,1,0
TX,2021,2,2021-02-01,1,0,1,0
TX,2021,3,2021-03-01,1,1,0,0
TX,2021,4,2021-04-01,1,0,1,0
TX,2021,5,2021-05-01,1,1,0,0
TX,2021,6,2021-06-01,3,0,3,0
TX,2021,7,2021-07-01,3,3,0,0
TX,2021,8,2021-08-01,1,1,0,0
TX,2021,9,2021-09-01,5,3,2,0
TX,2021,10,2021-10-01,15,10,5,0
TX,2021,11,2021-11-01,3,1,1,1
TX,2021,12,2021-12-01,1,0,1,0
TX,2022,2,2022-02-01,6,5,1,0
TX,2022,3,2022-03-01,2,1,1,0
TX,2022,4,2022-04-01,2,0,2,0
TX,2022,5,2022-05-01,7,6,1,0
TX,2022,6,2022-06-01,7,0,7,0
TX,2022,7,2022-07-01,1,1,0,0
TX,2022,8,2022-08-01,1,0,1,0
TX,2022,9,2022-09-01,3,2,1,0
TX,2022,10,2022-10-01,1,1,0,0
TX,2022,11,2022-11-01,7,0,7,0
TX,2022,12,2022-12-01,10,9,1,0
TX,2023,1,2023-01-01,1,0,1,0
TX,2023,2,2023-02-01,4,0,4,0
TX,2023,3,2023-03-01,4,0,0,4
TX,2023,4,2023-04-01,2,0,2,0
TX,2023,5,2023-05-01,5,1,4,0
TX,2023,6,2023-06-01,35,1,34,0
TX,2023,7,2023-07-01,3,0,3,0
TX,2023,8,2023-08-01,10,1,9,0
TX,2023,9,2023-09-01,1,1,0,0
TX,2023,10,2023-10-01,8,0,8,0
TX,2023,11,2023-11-01,3,2,1,0
TX,2023,12,2023-12-01,2,0,2,0
TX,2024,1,2024-01-01,2,1,0,1
TX,2024,2,2024-02-01,3,0,3,0
TX,2024,4,2024-04-01,5,1,4,0
TX,2024,5,2024-05-01,7,3,3,1
TX,2024,6,2024-06-01,3,3,0,0
TX,2024,7,2024-07-01,11,9,2,0
TX,2024,8,2024-08-01,1,0,1,0
TX,2024,10,2024-10-01,2,0,2,0
TX,2024,11,2024-11-01,32,30,2,0
TX,2024,12,2024-12-01,6,2,4,0
TX,2025,1,2025-01-01,3,1,2,0
TX,2025,2,2025-02-01,3,1,1,1
TX,2025,3,2025-03-01,4,2,2,0
TX,2025,4,2025-04-01,4,0,4,0
TX,2025,5,2025-05-01,48,27,21,0
TX,2025,6,2025-06-01,5,1,4,0
TX,2025,7,2025-07-01,8,7,0,1
TX,2025,8,2025-08-01,3,0,3,0
TX,2025,9,2025-09-01,2,1,1,0
TX,2025,10,2025-10-01,10,5,5,0
TX,2025,11,2025-11-01,2,2,0,0
TX,2025,12,2025-12-01,6,1,5,0
UT,2012,5,2012-05-01,1,0,0,1
UT,2012,6,2012-06-01,3,0,3,0
UT,2012,12,2012-12-01,1,0,1,0
UT,2013,3,2013-03-01,1,0,0,1
UT,2013,7,2013-07-01,1,0,0,1
UT,2013,9,2013-09-01,1,0,1,0
UT,2013,10,2013-10-01,1,0,1,0
UT,2013,11,2013-11-01,1,0,1,0
UT,2014,1,2014-01-01,1,0,1,0
UT,2014,3,2014-03-01,4,0,4,0
UT,2014,6,2014-06-01,1,1,0,0
UT,2014,8,2014-08-01,1,1,0,0
UT,2015,1,2015-01-01,4,1,3,0
UT,2015,4,2015-04-01,1,1,0,0
UT,2015,5,2015-05-01,1,0,1,0
UT,2015,8,2015-08-01,1,0,1,0
UT,2015,9,2015-09-01,2,0,0,2
UT,2015,11,2015-11-01,1,0,1,0
UT,2016,3,2016-03-01,1,0,1,0
UT,2016,6,2016-06-01,5,0,5,0
UT,2016,8,2016-08-01,1,1,0,0
UT,2016,9,2016-09-01,19,0,0,19
UT,2016,10,2016-10-01,1,1,0,0
UT,2017,1,2017-01-01,1,1,0,0
UT,2017,2,2017-02-01,3,0,3,0
UT,2017,5,2017-05-01,1,0,0,1
UT,2017,7,2017-07-01,9,3,5,1
UT,2017,9,2017-09-01,1,0,1,0
UT,2017,11,2017-11-01,2,2,0,0
UT,2017,12,2017-12-01,1,0,1,0
UT,2018,1,2018-01-01,2,1,0,1
UT,2018,3,2018-03-01,9,7,2,0
UT,2018,5,2018-05-01,4,4,0,0
UT,2018,6,2018-06-01,1,0,0,1
UT,2018,9,2018-09-01,1,0,0,1
UT,2018,10,2018-10-01,1,0,1,0
UT,2019,7,2019-07-01,6,6,0,0
UT,2019,9,2019-09-01,1,0,1,0
UT,2019,11,2019-11-01,1,0,1,0
UT,2020,2,2020-02-01,12,0,12,0
UT,2020,4,2020-04-01,2,2,0,0
UT,2020,6,2020-06-01,9,0,9,0
UT,2020,8,2020-08-01,7,0,7,0
UT,2020,10,2020-10-01,8,0,0,8
UT,2020,12,2020-12-01,2,0,2,0
UT,2021,4,2021-04-01,3,2,1,0
UT,2021,8,2021-08-01,2,0,1,1
UT,2021,10,2021-10-01,4,3,1,0
UT,2022,2,2022-02-01,1,0,1,0
UT,2022,4,2022-04-01,1,0,1,0
UT,2022,5,2022-05-01,1,0,1,0
UT,2022,6,2022-06-01,1,1,0,0
UT,2022,7,2022-07-01,5,0,5,0
UT,2022,10,2022-10-01,1,0,1,0
UT,2022,11,2022-11-01,1,0,1,0
UT,2023,1,2023-01-01,1,0,0,1
UT,2023,4,2023-04-01,12,0,12,0
UT,2023,5,2023-05-01,3,0,3,0
UT,2023,7,2023-07-01,2,0,0,2
UT,2024,2,2024-02-01,4,4,0,0
UT,2024,6,2024-06-01,1,0,1,0
UT,2024,8,2024-08-01,1,0,1,0
UT,2024,9,2024-09-01,1,0,1,0
UT,2024,10,2024-10-01,1,0,1,0
UT,2024,12,2024-12-01,3,2,1,0
UT,2025,3,2025-03-01,1,0,1,0
UT,2025,4,2025-04-01,16,16,0,0
UT,2025,6,2025-06-01,3,0,3,0
VA,2012,4,2012-04-01,2,2,0,0
VA,2012,5,2012-05-01,4,0,4,0
VA,2012,12,2012-12-01,2,0,2,0
VA,2013,3,2013-03-01,4,0,4,0
VA,2013,8,2013-08-01,2,0,0,2
VA,2013,9,2013-09-01,3,0,3,0
VA,2013,11,2013-11-01,1,1,0,0
VA,2014,5,2014-05-01,3,0,3,0
VA,2014,6,2014-06-01,4,0,2,2
VA,2014,11,2014-11-01,3,3,0,0
VA,2014,12,2014-12-01,10,10,0,0
VA,2015,1,2015-01-01,2,2,0,0
VA,2015,3,2015-03-01,2,1,1,0
VA,2015,4,2015-04-01,6,6,0,0
VA,2015,5,2015-05-01,3,3,0,0
VA,2015,8,2015-08-01,2,2,0,0
VA,2015,11,2015-11-01,1,1,0,0
VA,2015,12,2015-12-01,1,0,1,0
VA,2016,3,2016-03-01,1,0,1,0
VA,2016,5,2016-05-01,6,0,6,0
VA,2016,9,2016-09-01,2,0,2,0
VA,2016,11,2016-11-01,20,20,0,0
VA,2016,12,2016-12-01,3,2,1,0
VA,2017,1,2017-01-01,1,1,0,0
VA,2017,5,2017-05-01,16,6,10,0
VA,2017,11,2017-11-01,3,0,3,0
VA,2018,5,2018-05-01,6,0,6,0
VA,2018,7,2018-07-01,1,1,0,0
VA,2018,8,2018-08-01,1,1,0,0
VA,2018,9,2018-09-01,1,0,1,0
VA,2018,10,2018-10-01,12,12,0,0
VA,2018,11,2018-11-01,1,1,0,0
VA,2019,3,2019-03-01,1,0,1,0
VA,2019,9,2019-09-01,1,0,1,0
VA,2019,10,2019-10-01,26,0,26,0
VA,2020,4,2020-04-01,1,1,0,0
VA,2020,9,2020-09-01,3,1,2,0
VA,2020,10,2020-10-01,1,0,1,0
VA,2020,11,2020-11-01,1,0,1,0
VA,2021,2,2021-02-01,1,0,1,0
VA,2021,3,2021-03-01,1,1,0,0
VA,2021,6,2021-06-01,4,0,4,0
VA,2021,9,2021-09-01,2,0,2,0
VA,2021,10,2021-10-01,2,0,0,2
VA,2021,11,2021-11-01,1,0,0,1
VA,2021,12,2021-12-01,3,1,2,0
VA,2022,1,2022-01-01,3,0,3,0
VA,2022,2,2022-02-01,4,0,4,0
VA,2022,7,2022-07-01,1,0,1,0
VA,2022,10,2022-10-01,1,0,1,0
VA,2022,11,2022-11-01,3,0,3,0
VA,2022,12,2022-12-01,3,1,2,0
VA,2023,2,2023-02-01,1,1,0,0
VA,2023,3,2023-03-01,2,1,0,1
VA,2023,7,2023-07-01,1,0,1,0
VA,2023,8,2023-08-01,1,0,1,0
VA,2024,1,2024-01-01,3,0,2,1
VA,2024,2,2024-02-01,5,0,5,0
VA,2024,3,2024-03-01,1,0,1,0
VA,2024,5,2024-05-01,2,2,0,0
VA,2024,6,2024-06-01,3,0,3,0
VA,2024,12,2024-12-01,1,0,1,0
VA,2025,1,2025-01-01,2,2,0,0
VA,2025,3,2025-03-01,4,0,4,0
VA,2025,5,2025-05-01,2,1,1,0
VA,2025,10,2025-10-01,1,0,1,0
VA,2025,12,2025-12-01,3,0,3,0
VT,2013,2,2013-02-01,2,0,2,0
VT,2013,3,2013-03-01,1,1,0,0
VT,2013,5,2013-05-01,1,0,1,0
VT,2013,8,2013-08-01,3,0,3,0
VT,2013,9,2013-09-01,2,0,0,2
VT,2013,11,2013-11-01,4,0,4,0
VT,2014,1,2014-01-01,1,0,1,0
VT,2014,2,2014-02-01,1,0,1,0
VT,2014,3,2014-03-01,1,1,0,0
VT,2016,3,2016-03-01,1,0,1,0
VT,2016,7,2016-07-01,1,0,1,0
VT,2016,9,2016-09-01,13,1,12,0
VT,2017,7,2017-07-01,1,1,0,0
VT,2018,3,2018-03-01,1,1,0,0
VT,2018,11,2018-11-01,1,1,0,0
VT,2019,1,2019-01-01,1,0,1,0
VT,2019,5,2019-05-01,9,0,9,0
VT,2019,7,2019-07-01,1,0,1,0
VT,2019,9,2019-09-01,3,3,0,0
VT,2020,4,2020-04-01,1,1,0,0
VT,2020,8,2020-08-01,1,0,1,0
VT,2020,12,2020-12-01,1,1,0,0
VT,2021,1,2021-01-01,14,0,14,0
VT,2021,2,2021-02-01,1,0,1,0
VT,2021,4,2021-04-01,2,0,2,0
VT,2021,9,2021-09-01,1,0,1,0
VT,2022,7,2022-07-01,14,14,0,0
VT,2023,6,2023-06-01,1,0,0,1
VT,2023,11,2023-11-01,59,59,0,0
VT,2024,5,2024-05-01,1,0,1,0
VT,2024,8,2024-08-01,1,0,1,0
VT,2025,3,2025-03-01,1,0,0,1
WA,2012,5,2012-05-01,4,0,2,2
WA,2012,6,2012-06-01,9,2,7,0
WA,2012,7,2012-07-01,1,1,0,0
WA,2012,8,2012-08-01,11,10,1,0
WA,2012,9,2012-09-01,3,3,0,0
WA,2012,10,2012-10-01,5,4,1,0
WA,2012,11,2012-11-01,1,0,0,1
WA,2012,12,2012-12-01,3,2,1,0
WA,2013,1,2013-01-01,14,12,2,0
WA,2013,3,2013-03-01,2,0,2,0
WA,2013,4,2013-04-01,15,0,15,0
WA,2013,5,2013-05-01,6,1,5,0
WA,2013,6,2013-06-01,2,0,2,0
WA,2013,7,2013-07-01,11,10,1,0
WA,2013,8,2013-08-01,4,0,4,0
WA,2013,10,2013-10-01,7,0,7,0
WA,2013,11,2013-11-01,5,4,1,0
WA,2013,12,2013-12-01,13,12,1,0
WA,2014,1,2014-01-01,4,4,0,0
WA,2014,3,2014-03-01,5,1,4,0
WA,2014,4,2014-04-01,4,0,4,0
WA,2014,6,2014-06-01,4,0,4,0
WA,2014,8,2014-08-01,1,1,0,0
WA,2014,9,2014-09-01,2,1,1,0
WA,2014,10,2014-10-01,1,1,0,0
WA,2014,11,2014-11-01,2,0,2,0
WA,2014,12,2014-12-01,381,380,1,0
WA,2015,1,2015-01-01,21,9,12,0
WA,2015,2,2015-02-01,1,1,0,0
WA,2015,3,2015-03-01,4,0,4,0
WA,2015,4,2015-04-01,3,1,2,0
WA,2015,5,2015-05-01,13,1,12,0
WA,2015,7,2015-07-01,12,0,12,0
WA,2015,8,2015-08-01,8,2,6,0
WA,2015,9,2015-09-01,25,0,25,0
WA,2015,11,2015-11-01,1,0,1,0
WA,2015,12,2015-12-01,5,0,2,3
WA,2016,2,2016-02-01,1,0,1,0
WA,2016,3,2016-03-01,2,1,1,0
WA,2016,4,2016-04-01,16,13,3,0
WA,2016,5,2016-05-01,53,53,0,0
WA,2016,6,2016-06-01,24,7,17,0
WA,2016,7,2016-07-01,3,3,0,0
WA,2016,8,2016-08-01,2,1,1,0
WA,2016,10,2016-10-01,2,0,0,2
WA,2016,11,2016-11-01,14,3,11,0
WA,2016,12,2016-12-01,10,1,9,0
WA,2017,2,2017-02-01,6,3,3,0
WA,2017,3,2017-03-01,29,6,23,0
WA,2017,4,2017-04-01,2,0,2,0
WA,2017,5,2017-05-01,69,1,8,60
WA,2017,6,2017-06-01,8,8,0,0
WA,2017,7,2017-07-01,2,0,2,0
WA,2017,9,2017-09-01,8,1,3,4
WA,2017,10,2017-10-01,27,11,2,14
WA,2017,11,2017-11-01,1,1,0,0
WA,2017,12,2017-12-01,1,0,0,1
WA,2018,1,2018-01-01,5,1,2,2
WA,2018,2,2018-02-01,2,0,2,0
WA,2018,3,2018-03-01,3,0,3,0
WA,2018,4,2018-04-01,4,2,1,1
WA,2018,5,2018-05-01,3,0,0,3
WA,2018,6,2018-06-01,2,0,1,1
WA,2018,7,2018-07-01,5,1,3,1
WA,2018,9,2018-09-01,2,0,2,0
WA,2018,10,2018-10-01,2,0,2,0
WA,2018,11,2018-11-01,5,5,0,0
WA,2018,12,2018-12-01,13,13,0,0
WA,2019,2,2019-02-01,2,0,2,0
WA,2019,3,2019-03-01,14,5,9,0
WA,2019,4,2019-04-01,2,0,2,0
WA,2019,5,2019-05-01,14,0,2,12
WA,2019,6,2019-06-01,2,0,2,0
WA,2019,8,2019-08-01,14,0,13,1
WA,2019,9,2019-09-01,6,6,0,0
WA,2019,10,2019-10-01,2,0,2,0
WA,2019,11,2019-11-01,4,1,3,0
WA,2019,12,2019-12-01,5,0,5,0
WA,2020,1,2020-01-01,3,0,0,3
WA,2020,5,2020-05-01,1,0,1,0
WA,2020,6,2020-06-01,3,1,2,0
WA,2020,7,2020-07-01,19,0,19,0
WA,2020,8,2020-08-01,77,74,3,0
WA,2020,9,2020-09-01,1,0,1,0
WA,2020,10,2020-10-01,1,1,0,0
WA,2020,11,2020-11-01,1,0,1,0
WA,2020,12,2020-12-01,1,0,1,0
WA,2021,2,2021-02-01,5,0,5,0
WA,2021,3,2021-03-01,3,1,2,0
WA,2021,4,2021-04-01,1,0,1,0
WA,2021,6,2021-06-01,1,0,1,0
WA,2021,7,2021-07-01,13,0,13,0
WA,2021,8,2021-08-01,1,1,0,0
WA,2021,9,2021-09-01,10,0,10,0
WA,2021,10,2021-10-01,2,0,2,0
WA,2021,11,2021-11-01,3,1,2,0
WA,2021,12,2021-12-01,16,0,16,0
WA,2022,1,2022-01-01,1,0,1,0
WA,2022,2,2022-02-01,1,0,1,0
WA,2022,3,2022-03-01,9,0,9,0
WA,2022,4,2022-04-01,8,0,2,6
WA,2022,5,2022-05-01,1,1,0,0
WA,2022,6,2022-06-01,1,1,0,0
WA,2022,7,2022-07-01,15,0,15,0
WA,2022,8,2022-08-01,9,2,4,3
WA,2022,9,2022-09-01,1,0,1,0
WA,2022,11,2022-11-01,3,0,3,0
WA,2023,1,2023-01-01,9,0,7,2
WA,2023,2,2023-02-01,34,1,30,3
WA,2023,3,2023-03-01,2,1,1,0
WA,2023,4,2023-04-01,3,0,3,0
WA,2023,6,2023-06-01,19,0,19,0
WA,2023,7,2023-07-01,29,0,13,16
WA,2023,8,2023-08-01,7,2,5,0
WA,2024,1,2024-01-01,2,0,2,0
WA,2024,3,2024-03-01,1,0,1,0
WA,2024,5,2024-05-01,1,1,0,0
WA,2024,6,2024-06-01,4,2,2,0
WA,2024,7,2024-07-01,1,1,0,0
WA,2024,8,2024-08-01,2,0,2,0
WA,2024,9,2024-09-01,15,6,5,4
WA,2024,11,2024-11-01,1,1,0,0
WA,2024,12,2024-12-01,1,1,0,0
WA,2025,1,2025-01-01,3,3,0,0
WA,2025,3,2025-03-01,3,0,3,0
WA,2025,4,2025-04-01,13,1,12,0
WA,2025,5,2025-05-01,6,0,1,5
WA,2025,8,2025-08-01,3,0,3,0
WA,2025,9,2025-09-01,14,2,11,1
WA,2025,10,2025-10-01,8,7,1,0
WA,2025,11,2025-11-01,2,0,2,0
WA,2025,12,2025-12-01,7,1,6,0
WI,2012,5,2012-05-01,12,1,11,0
WI,2012,6,2012-06-01,67,3,64,0
WI,2012,7,2012-07-01,94,94,0,0
WI,2012,8,2012-08-01,1,1,0,0
WI,2012,9,2012-09-01,25,0,25,0
WI,2012,10,2012-10-01,2,1,1,0
WI,2012,11,2012-11-01,10,10,0,0
WI,2012,12,2012-12-01,7,7,0,0
WI,2013,1,2013-01-01,8,0,8,0
WI,2013,3,2013-03-01,2,0,2,0
WI,2013,5,2013-05-01,2,0,2,0
WI,2013,6,2013-06-01,5,4,1,0
WI,2013,7,2013-07-01,3,3,0,0
WI,2013,8,2013-08-01,2,1,0,1
WI,2013,9,2013-09-01,64,61,3,0
WI,2013,10,2013-10-01,226,202,24,0
WI,2013,11,2013-11-01,257,246,11,0
WI,2013,12,2013-12-01,1,0,1,0
WI,2014,5,2014-05-01,16,12,3,1
WI,2014,6,2014-06-01,1,1,0,0
WI,2014,7,2014-07-01,5,4,1,0
WI,2014,8,2014-08-01,3,3,0,0
WI,2014,10,2014-10-01,1,0,1,0
WI,2014,11,2014-11-01,1,1,0,0
WI,2015,1,2015-01-01,43,6,37,0
WI,2015,5,2015-05-01,2,0,2,0
WI,2015,6,2015-06-01,1,1,0,0
WI,2015,8,2015-08-01,2,0,2,0
WI,2015,9,2015-09-01,12,0,12,0
WI,2015,11,2015-11-01,9,3,2,4
WI,2016,1,2016-01-01,13,1,12,0
WI,2016,2,2016-02-01,5,4,1,0
WI,2016,5,2016-05-01,18,18,0,0
WI,2016,6,2016-06-01,3,3,0,0
WI,2016,7,2016-07-01,6,4,2,0
WI,2016,8,2016-08-01,4,0,3,1
WI,2016,10,2016-10-01,5,5,0,0
WI,2016,11,2016-11-01,4,3,1,0
WI,2016,12,2016-12-01,7,4,3,0
WI,2017,2,2017-02-01,22,19,3,0
WI,2017,3,2017-03-01,2,0,2,0
WI,2017,4,2017-04-01,1,0,1,0
WI,2017,5,2017-05-01,2,0,2,0
WI,2017,6,2017-06-01,4,1,3,0
WI,2017,8,2017-08-01,5,1,1,3
WI,2017,9,2017-09-01,1,1,0,0
WI,2017,10,2017-10-01,1,0,1,0
WI,2017,11,2017-11-01,1,0,1,0
WI,2018,1,2018-01-01,47,0,47,0
WI,2018,2,2018-02-01,12,0,0,12
WI,2018,3,2018-03-01,1,1,0,0
WI,2018,5,2018-05-01,4,0,4,0
WI,2018,9,2018-09-01,8,0,8,0
WI,2018,10,2018-10-01,3,0,3,0
WI,2018,11,2018-11-01,11,4,7,0
WI,2018,12,2018-12-01,20,20,0,0
WI,2019,4,2019-04-01,4,1,3,0
WI,2019,5,2019-05-01,11,0,11,0
WI,2019,6,2019-06-01,1,1,0,0
WI,2019,7,2019-07-01,58,0,58,0
WI,2019,11,2019-11-01,1,1,0,0
WI,2020,1,2020-01-01,1,1,0,0
WI,2020,2,2020-02-01,1,1,0,0
WI,2020,7,2020-07-01,1,0,1,0
WI,2020,10,2020-10-01,3,1,0,2
WI,2020,11,2020-11-01,3,0,3,0
WI,2020,12,2020-12-01,5,0,5,0
WI,2021,1,2021-01-01,3,0,3,0
WI,2021,2,2021-02-01,17,0,17,0
WI,2021,4,2021-04-01,1,0,1,0
WI,2021,5,2021-05-01,2,0,2,0
WI,2021,7,2021-07-01,1,1,0,0
WI,2021,10,2021-10-01,2,0,2,0
WI,2021,11,2021-11-01,3,3,0,0
WI,2021,12,2021-12-01,1,0,1,0
WI,2022,2,2022-02-01,6,1,0,5
WI,2022,3,2022-03-01,12,0,12,0
WI,2022,4,2022-04-01,11,0,11,0
WI,2022,5,2022-05-01,13,1,12,0
WI,2022,6,2022-06-01,1,0,1,0
WI,2022,10,2022-10-01,1,0,1,0
WI,2023,1,2023-01-01,25,0,7,18
WI,2023,2,2023-02-01,1,0,1,0
WI,2023,4,2023-04-01,3,1,2,0
WI,2023,8,2023-08-01,11,0,0,11
WI,2023,9,2023-09-01,1,0,1,0
WI,2023,10,2023-10-01,2,0,2,0
WI,2023,11,2023-11-01,4,4,0,0
WI,2023,12,2023-12-01,1,0,1,0
WI,2024,2,2024-02-01,11,11,0,0
WI,2024,3,2024-03-01,1,1,0,0
WI,2024,5,2024-05-01,34,16,17,1
WI,2024,6,2024-06-01,20,0,20,0
WI,2024,8,2024-08-01,1,1,0,0
WI,2024,9,2024-09-01,2,0,2,0
WI,2024,10,2024-10-01,2,2,0,0
WI,2024,11,2024-11-01,2,0,2,0
WI,2024,12,2024-12-01,2,0,1,1
WI,2025,1,2025-01-01,1,0,1,0
WI,2025,2,2025-02-01,1,1,0,0
WI,2025,3,2025-03-01,1,0,1,0
WI,2025,7,2025-07-01,1,0,0,1
WI,2025,10,2025-10-01,1,1,0,0
WV,2015,5,2015-05-01,1,1,0,0
WV,2016,9,2016-09-01,1,0,1,0
WV,2018,4,2018-04-01,2,0,2,0
WV,2018,12,2018-12-01,2,0,2,0
WV,2022,5,2022-05-01,4,4,0,0
WV,2024,9,2024-09-01,1,0,0,1
WY,2013,1,2013-01-01,2,0,2,0
WY,2013,10,2013-10-01,2,0,2,0
WY,2018,2,2018-02-01,1,1,0,0
WY,2022,4,2022-04-01,49,0,49,0
WY,2025,4,2025-04-01,1,1,0,0
WY,2025,7,2025-07-01,3,0,3,0
